Customer_ID,Tenure_in_Months,Customer_Status
0257-ZESQC,27,Churned
0818-OCPZO,27,Churned
1363-TXLSL,1,Churned
1792-UXAFY,17,Churned
1846-XWOQN,1,Churned
3999-QGRJH,8,Churned
4193-ORFCL,1,Churned
4208-UFFGW,2,Churned
4248-QPAVC,17,Churned
4433-JCGCG,46,Churned
4713-LZDRV,2,Churned
4846-WHAFZ,37,Churned
4988-IQIGL,1,Churned
5180-UCIIQ,22,Churned
5480-HPRRX,3,Churned
5564-NEMQO,1,Churned
5914-DVBWJ,18,Churned
6982-UQZLY,1,Churned
7409-KIUTL,1,Churned
8399-YNDCH,21,Churned
8473-VUVJN,1,Churned
8623-TMRBY,51,Churned
8749-JMNKX,51,Churned
9221-OTIVJ,14,Churned
1564-NTYXF,13,Churned
1587-FKLZB,66,Churned
1704-NRWYE,9,Churned
1891-UAWWU,20,Churned
2357-COQEK,28,Churned
2446-BEGGB,6,Churned
3269-ATYWD,39,Churned
3317-HRTNN,5,Churned
3389-YGYAI,8,Churned
3398-FSHON,12,Churned
3776-EKTKM,1,Churned
4094-NSEDU,21,Churned
4895-TMWIR,11,Churned
5287-QWLKY,71,Churned
5482-PLVPE,2,Churned
5707-ORNDZ,9,Churned
6583-QGCSI,50,Churned
6712-OAWRH,26,Churned
6894-LFHLY,1,Churned
7235-NXZCP,2,Churned
8414-MYSHR,5,Churned
8685-WHQPW,22,Churned
8988-ECPJR,34,Churned
9490-DFPMD,42,Churned
9961-JBNMK,21,Churned
0011-IGKFF,13,Churned
0094-OIFMO,11,Churned
0196-VULGZ,6,Churned
0495-ZBNGW,5,Churned
0506-LVNGN,5,Churned
1095-JUDTC,47,Churned
2012-NWRPA,11,Churned
2845-AFFTX,41,Churned
3070-DVEYC,7,Churned
3419-SNJJD,65,Churned
3754-DXMRT,2,Churned
3755-JBMNH,16,Churned
4598-XLKNJ,25,Churned
4631-OACRM,15,Churned
4706-AXVKM,11,Churned
5277-ZLOOR,2,Churned
5307-DZCVC,32,Churned
5561-NWEVX,2,Churned
5813-UECBU,33,Churned
6502-HCJTI,7,Churned
6927-WTFIV,20,Churned
7216-EWTRS,1,Churned
7234-FECYN,8,Churned
7248-VZQLC,47,Churned
7903-CMPEY,1,Churned
8696-JKZNU,37,Churned
8779-QRDMV,1,Churned
9488-HGMJH,1,Churned
0334-GDDSO,3,Churned
0612-RTZZA,1,Churned
0623-IIHUG,21,Churned
1271-SJBGZ,12,Churned
1866-RZZQS,41,Churned
2070-FNEXE,7,Churned
2398-YPMUR,13,Churned
2516-VQRRV,2,Churned
2840-XANRC,24,Churned
3068-OMWZA,1,Churned
3247-ZVOUO,10,Churned
3757-NJYBX,32,Churned
4039-HEUNW,36,Churned
4248-HCETZ,30,Churned
5099-BAILX,43,Churned
5609-CEBID,20,Churned
6161-UUUTA,3,Churned
6235-VDHOM,5,Churned
6769-DYBQN,46,Churned
7024-OHCCK,2,Churned
7932-WPTDS,1,Churned
8017-LXHFA,23,Churned
8775-LHDJH,1,Churned
9391-EOYLI,12,Churned
9514-JDSKI,1,Churned
9710-ZUSHQ,37,Churned
0265-EDXBD,32,Churned
0390-DCFDQ,1,Churned
0661-XEYAN,1,Churned
0823-HSCDJ,52,Churned
2302-ANTDP,48,Churned
2474-BRUCM,40,Churned
2506-TNFCO,1,Churned
3001-CBHLQ,32,Churned
3296-SILRA,1,Churned
3372-KWFBM,16,Churned
3398-ZOUAA,21,Churned
3500-RMZLT,15,Churned
3536-IQCTX,32,Churned
3714-JTVOV,42,Churned
4154-AQUGT,13,Churned
4514-GFCFI,16,Churned
4902-OHLSK,29,Churned
5143-EGQFK,10,Churned
5565-FILXA,16,Churned
5649-ANRML,2,Churned
5868-YWPDW,6,Churned
7450-NWRTR,12,Churned
7481-ATQQS,49,Churned
7641-EUYET,46,Churned
7675-OZCZG,3,Churned
8058-JMEQO,9,Churned
9274-CNFMO,4,Churned
9300-AGZNL,1,Churned
9369-XFEHK,33,Churned
0013-EXCHZ,3,Churned
1624-NALOJ,5,Churned
1626-ERCMM,20,Churned
1989-PRJHP,27,Churned
2205-YMZZJ,7,Churned
2260-USTRB,2,Churned
2272-QAGFO,14,Churned
2778-OCLGR,24,Churned
2982-IHMFT,1,Churned
3957-LXOLK,28,Churned
4021-RQSNY,29,Churned
4505-EXZHB,6,Churned
4554-YGZIH,49,Churned
4803-AXVYP,38,Churned
4822-RVYBB,8,Churned
5186-SAMNZ,1,Churned
5383-MMTWC,8,Churned
5931-FLJJF,7,Churned
6402-ZFPPI,25,Churned
6513-EECDB,1,Churned
6702-OHFWR,1,Churned
7074-IEVOJ,3,Churned
7137-RYLPP,37,Churned
7206-GZCDC,1,Churned
7579-OOPEC,2,Churned
8010-EZLOU,15,Churned
8225-BTJAU,10,Churned
8361-LTMKD,4,Churned
8621-MNIHH,34,Churned
8679-JOEVF,16,Churned
8972-HJWNV,7,Churned
9134-CEQMF,7,Churned
0324-BRPCJ,68,Churned
0616-ATFGB,1,Churned
0685-MLYYM,2,Churned
1236-WFCDV,14,Churned
1254-IZEYF,31,Churned
1597-LHYNC,26,Churned
1768-ZAIFU,1,Churned
2479-BRAMR,41,Churned
2761-OCIAX,2,Churned
2856-NNASM,43,Churned
2865-TCHJW,4,Churned
3207-OYBWH,57,Churned
3254-YRILK,19,Churned
3643-AHCFP,7,Churned
3990-QYKBE,37,Churned
4086-YQSNZ,3,Churned
4160-AMJTL,8,Churned
5276-KQWHG,2,Churned
5804-LEPIM,2,Churned
5908-QMGOE,15,Churned
6646-VRFOL,53,Churned
7029-RPUAV,17,Churned
7130-VTEWQ,8,Churned
7495-OOKFY,8,Churned
7503-QQRVF,16,Churned
7779-LGOVN,10,Churned
8063-GBATB,27,Churned
8098-LLAZX,4,Churned
8118-LSUEL,23,Churned
8258-GSTJK,3,Churned
8519-IMDHU,15,Churned
9248-OJYKK,1,Churned
9317-WZPGV,2,Churned
9381-NDKME,24,Churned
9667-EQRXU,30,Churned
0643-OKLRP,47,Churned
0679-IDSTG,1,Churned
0723-DRCLG,1,Churned
1324-NLTJE,15,Churned
1732-VHUBQ,47,Churned
2034-CGRHZ,24,Churned
2722-JMONI,1,Churned
3005-NFMTA,55,Churned
3096-JRDSO,27,Churned
3097-NQYSN,2,Churned
3677-IYRBF,2,Churned
3768-NLUBH,57,Churned
3793-MMFUH,13,Churned
4140-MUHUG,3,Churned
4369-HTUIF,6,Churned
4441-NIHPT,13,Churned
5130-IEKQT,25,Churned
5167-GBFRE,4,Churned
5293-WXJAK,11,Churned
5485-WUYWF,2,Churned
6029-WTIPC,37,Churned
6313-GIDIT,53,Churned
6543-XRMYR,30,Churned
6683-VLCTZ,20,Churned
7142-HVGBG,43,Churned
7580-UGXNC,2,Churned
8000-REIQB,1,Churned
8919-FYFQZ,44,Churned
9026-RNUJS,5,Churned
9253-QXKBE,29,Churned
9497-QCMMS,1,Churned
9912-GVSEQ,26,Churned
9965-YOKZB,9,Churned
0504-HHAPI,27,Churned
0886-QGENL,27,Churned
1977-STDKI,1,Churned
2460-FPSYH,40,Churned
4412-YLTKF,27,Churned
4816-JBHOV,2,Churned
5244-IRFIH,33,Churned
5747-PMBSQ,10,Churned
5956-VKDTT,5,Churned
6900-PXRMS,26,Churned
8051-HJRLT,1,Churned
8375-DKEBR,1,Churned
8444-WRIDW,66,Churned
8699-ASUFO,7,Churned
8922-LIEGH,25,Churned
0947-MUGVO,20,Churned
1400-MMYXY,3,Churned
1658-BYGOY,18,Churned
2055-PDADH,3,Churned
2632-UCGVD,66,Churned
2660-EMUBI,10,Churned
2956-GGUCQ,24,Churned
3621-CEOVK,14,Churned
3672-YITQD,36,Churned
4145-UQXUQ,8,Churned
5178-LMXOP,1,Churned
5389-FFVKB,32,Churned
6230-BSUXY,1,Churned
6284-AHOOQ,22,Churned
6595-YGXIT,25,Churned
6861-XWTWQ,7,Churned
6961-VCPMC,46,Churned
7028-DVOIQ,35,Churned
7576-OYWBN,3,Churned
7776-QWNFX,30,Churned
8080-DDEMJ,1,Churned
8337-UPOAQ,10,Churned
8485-GJCDN,5,Churned
9057-MSWCO,27,Churned
9661-MHUMO,1,Churned
0354-WYROK,31,Churned
0397-GZBBC,59,Churned
0529-ONKER,15,Churned
0576-WNXXC,27,Churned
0709-TVGUR,9,Churned
0875-CABNR,10,Churned
1771-OADNZ,29,Churned
1833-VGRUM,1,Churned
2091-RFFBA,31,Churned
2656-FMOKZ,15,Churned
3132-TVFDZ,57,Churned
3318-OSATS,35,Churned
3336-JORSO,33,Churned
3346-BRMIS,18,Churned
3871-IKPYH,1,Churned
4424-TKOPW,2,Churned
4871-JTKJF,1,Churned
5550-VFRLC,1,Churned
5567-WSELE,3,Churned
6022-UGGSO,32,Churned
6397-JNZZG,43,Churned
6689-TCZHQ,5,Churned
6818-WOBHJ,68,Churned
6892-XPFPU,24,Churned
7395-IGJOS,17,Churned
8020-BWHYL,15,Churned
8062-YBDOE,1,Churned
8276-MQBYC,51,Churned
9090-SGQXL,68,Churned
9174-FKWZE,1,Churned
0067-DKWBL,2,Churned
1075-BGWOH,16,Churned
1273-MTETI,4,Churned
1304-NECVQ,2,Churned
1907-UBQFC,10,Churned
1976-CFOCS,1,Churned
2684-EIWEO,30,Churned
3319-DWOEP,6,Churned
3923-CSIHK,50,Churned
4550-VBOFE,70,Churned
4818-QIUFN,20,Churned
5028-HTLJB,1,Churned
5240-IJOQT,1,Churned
5281-BUZGT,36,Churned
5385-SUIRI,52,Churned
5539-TMZLF,1,Churned
5644-PDMZC,2,Churned
6168-WFVVF,3,Churned
6567-HOOPW,1,Churned
6661-HBGWL,42,Churned
7056-IMHCC,53,Churned
7534-BFESC,24,Churned
8290-YWKHZ,32,Churned
8510-AWCXC,13,Churned
8739-WWKDU,25,Churned
9058-CBREO,1,Churned
9189-JWSHV,24,Churned
9606-PBKBQ,32,Churned
9776-CLUJA,51,Churned
9907-SWKKF,1,Churned
0722-TROQR,4,Churned
0786-VSSUD,16,Churned
1069-XAIEM,1,Churned
1415-YFWLT,1,Churned
1496-GGSUK,1,Churned
1980-KXVPM,3,Churned
2265-CYWIV,4,Churned
2636-ALXXZ,1,Churned
2642-DTVCO,9,Churned
2718-GAXQD,4,Churned
2815-CPTUL,5,Churned
3551-HUAZH,1,Churned
3606-TWKGI,13,Churned
3791-LGQCY,56,Churned
3988-RQIXO,1,Churned
4184-TJFAN,3,Churned
4325-NFSKC,19,Churned
4385-GZQXV,16,Churned
4690-LLKUA,17,Churned
4695-WJZUE,2,Churned
4750-ZRXIU,4,Churned
4795-KTRTH,5,Churned
4958-XCBDQ,35,Churned
5047-LHVLY,1,Churned
5192-EBGOV,1,Churned
5649-TJHOV,27,Churned
6005-OBZPH,26,Churned
6015-VVHHE,5,Churned
6496-SLWHQ,3,Churned
6987-XQSJT,54,Churned
7156-MHUGY,13,Churned
7240-FQLHE,18,Churned
8374-XGEJJ,43,Churned
8634-MPHTR,47,Churned
8999-BOHSE,11,Churned
0023-HGHWL,1,Churned
0946-CLJTI,58,Churned
1112-CUNAO,15,Churned
1724-BQUHA,5,Churned
2397-BRLOM,8,Churned
2408-WITXK,10,Churned
2454-RPBRZ,12,Churned
2860-RANUS,20,Churned
4102-OQUPX,1,Churned
4283-FUTGF,19,Churned
4342-HENTK,2,Churned
4510-PYUSH,38,Churned
5357-TZHPP,9,Churned
5569-OUICF,28,Churned
5889-JTMUL,50,Churned
5959-BELXA,32,Churned
6179-GJPSO,43,Churned
6210-KBBPI,9,Churned
6328-ZPBGN,11,Churned
7000-WCEVQ,20,Churned
7273-TEFQD,3,Churned
7890-VYYWG,3,Churned
9061-TIHDA,13,Churned
9685-WKZGT,14,Churned
0533-BNWKF,55,Churned
1268-ASBGA,16,Churned
1862-SKORY,40,Churned
2528-HFYZX,17,Churned
3217-FZDMN,8,Churned
3445-HXXGF,58,Churned
3488-PGMQJ,8,Churned
3902-FOIGH,12,Churned
4201-JMNGR,1,Churned
4826-XTSOH,1,Churned
5655-JSMZM,49,Churned
6060-DRTNL,5,Churned
6877-LGWXO,18,Churned
6899-PPEEA,37,Churned
7279-BUYWN,41,Churned
8245-UMPYT,16,Churned
8263-JQAIK,2,Churned
8808-ELEHO,8,Churned
9286-DOJGF,38,Churned
9889-TMAHG,8,Churned
0781-LKXBR,9,Churned
0812-WUPTB,1,Churned
1374-DMZUI,4,Churned
1389-CXMLU,3,Churned
1891-FZYSA,69,Churned
1965-AKTSX,14,Churned
2657-ALMWY,26,Churned
2720-WGKHP,2,Churned
2774-LVQUS,15,Churned
3565-UNOCC,29,Churned
4597-NUCQV,24,Churned
4844-JJWUY,1,Churned
5233-GEEAX,8,Churned
5373-SFODM,36,Churned
5419-CONWX,4,Churned
6686-YPGHK,47,Churned
7480-QNVZJ,50,Churned
7957-RYHQD,40,Churned
8111-SLLHI,39,Churned
8580-AECUZ,1,Churned
8644-XLFBW,1,Churned
8802-UNOJF,12,Churned
8840-DQLGN,35,Churned
8884-ADFVN,7,Churned
9190-MFJLN,19,Churned
9231-ZJYAM,4,Churned
9809-IMGCQ,22,Churned
9885-CSMWE,1,Churned
9898-KZQDZ,40,Churned
9947-OTFQU,15,Churned
0634-SZPQA,23,Churned
0742-NXBGR,1,Churned
0836-SEYLU,9,Churned
1122-JWTJW,1,Churned
1142-WACZW,2,Churned
1260-TTRXI,4,Churned
1334-FJSVR,1,Churned
1723-HKXJQ,42,Churned
2027-OAQQC,43,Churned
2873-ZLIWT,40,Churned
2876-VBBBL,1,Churned
2982-VPSGI,11,Churned
3091-FYHKI,1,Churned
3208-YPIOE,39,Churned
3428-XZMAZ,1,Churned
3866-MDTUB,2,Churned
4315-MURBD,12,Churned
4373-MAVJG,14,Churned
4501-EQDRN,1,Churned
4636-QRJKY,6,Churned
4659-NZRUF,19,Churned
4797-AXPXK,1,Churned
4806-HIPDW,1,Churned
4822-YCXMX,25,Churned
4873-ILOLJ,24,Churned
4919-IKATY,5,Churned
5167-ZFFMM,1,Churned
5275-SQEIZ,1,Churned
7493-TPUWZ,1,Churned
8337-MSSXB,14,Churned
9565-DJPIB,4,Churned
9647-ERGBE,30,Churned
0310-MVLET,61,Churned
0322-CHQRU,2,Churned
0337-CNPZE,41,Churned
0754-UKWQP,2,Churned
1196-AMORA,7,Churned
1240-KNSEZ,1,Churned
2135-RXIHG,1,Churned
2276-YDAVZ,3,Churned
3023-GFLBR,33,Churned
3746-EUBYR,1,Churned
3976-BWUCK,30,Churned
4285-GYRQC,7,Churned
4581-SSPWD,3,Churned
5480-TBGPH,24,Churned
5569-KGJHX,9,Churned
6304-IJFSQ,3,Churned
6319-IEJWJ,20,Churned
6595-COKXZ,1,Churned
6599-CEBNN,34,Churned
6910-HADCM,1,Churned
7249-WBIYX,10,Churned
7488-MXJIV,4,Churned
7619-ODSGN,24,Churned
7638-QVMVY,7,Churned
7730-IUTDZ,43,Churned
7969-AULMZ,21,Churned
0617-FHSGK,49,Churned
0680-DFNNY,15,Churned
0876-WDUUZ,5,Churned
1092-GANHU,17,Churned
1285-OKIPP,1,Churned
1373-ORVIZ,11,Churned
1383-EZRWL,7,Churned
1925-TIBLE,7,Churned
2003-CKLOR,66,Churned
2433-KMEAS,22,Churned
2856-HYAPG,1,Churned
3716-BDVDB,1,Churned
3751-KTZEL,1,Churned
4195-SMMNX,2,Churned
5143-WMWOG,1,Churned
5299-RULOA,10,Churned
5884-GCYMI,1,Churned
6275-YDUVO,2,Churned
6629-CZTTH,1,Churned
6711-FLDFB,7,Churned
6861-OKBCE,11,Churned
7394-FKDNK,9,Churned
7548-SEPYI,5,Churned
7627-JKIAZ,37,Churned
7839-QRKXN,1,Churned
8053-WWDRO,6,Churned
8436-BJUMM,26,Churned
8443-ZRDBZ,4,Churned
8450-JOVAH,2,Churned
8740-CRYFY,1,Churned
8914-RBTSB,31,Churned
8993-PHFWD,3,Churned
9170-CCKOU,17,Churned
9465-RWMXL,32,Churned
0306-JAELE,5,Churned
1343-EHPYB,63,Churned
2379-ENZGV,6,Churned
2884-GBPFB,35,Churned
3138-BKYAV,6,Churned
3473-XIIIT,16,Churned
3519-ZKXGG,3,Churned
3811-VBYBZ,7,Churned
4317-VTEOA,1,Churned
4323-SADQS,7,Churned
4667-OHGKG,1,Churned
4929-BSTRX,1,Churned
4958-GZWIY,7,Churned
5349-IECLD,2,Churned
5364-EVNIB,13,Churned
5442-XSDCW,11,Churned
6467-CHFZW,47,Churned
6474-FVJLC,2,Churned
6641-XRPSU,34,Churned
6692-UDPJC,14,Churned
7384-GHBPI,3,Churned
7593-JNWRU,6,Churned
8128-YVJRG,7,Churned
8752-STIVR,4,Churned
9095-HFAFX,5,Churned
0618-XWMSS,28,Churned
1583-IHQZE,12,Churned
1660-HSOOQ,1,Churned
2514-GINMM,1,Churned
2839-RFSQE,2,Churned
2959-MJHIC,4,Churned
3571-RFHAR,65,Churned
3737-GCSPV,11,Churned
4547-KQRTM,10,Churned
4587-NUKOX,3,Churned
4626-GYCZP,7,Churned
4640-UHDOS,13,Churned
4701-MLJPN,31,Churned
4822-NGOCH,13,Churned
6366-ZGQGL,1,Churned
6518-LGAOV,38,Churned
7270-BDIOA,22,Churned
8380-PEFPE,1,Churned
9103-TCIHJ,15,Churned
9462-MJUAW,4,Churned
9530-EHPOH,11,Churned
9863-JZAIC,35,Churned
0107-YHINA,1,Churned
0407-BDJKB,60,Churned
1157-BQCUW,1,Churned
1567-DSCIC,8,Churned
1761-AEZZR,1,Churned
1963-SVUCV,1,Churned
2011-TRQYE,18,Churned
2219-MVUSO,8,Churned
3144-AUDBS,6,Churned
3194-ORPIK,50,Churned
3393-FMZPV,25,Churned
4013-TLDHQ,19,Churned
4800-VHZKI,1,Churned
5688-KZTSN,15,Churned
5940-NFXKV,19,Churned
6521-YYTYI,1,Churned
9025-ZRPVR,9,Churned
9763-PDTKK,4,Churned
0220-EBGCE,2,Churned
0256-LTHVJ,28,Churned
0311-UNPFF,26,Churned
0415-MOSGF,1,Churned
0761-AETCS,1,Churned
1541-ETJZO,1,Churned
2207-NHRJK,1,Churned
2990-HWIML,6,Churned
3750-CKVKH,2,Churned
3814-MLAXC,31,Churned
4237-RLAQD,1,Churned
4471-KXAUH,42,Churned
4702-IOQDC,1,Churned
5073-WXOYN,60,Churned
5981-ITEMU,40,Churned
8086-OVPWV,2,Churned
8382-SHQEH,8,Churned
8443-WVPSS,10,Churned
8854-CCVSQ,18,Churned
9019-QVLZD,1,Churned
9269-CQOOL,3,Churned
9564-KCLHR,1,Churned
9824-BEMCV,17,Churned
9866-QEVEE,19,Churned
9940-HPQPG,9,Churned
0135-NMXAP,12,Churned
0887-HJGAR,1,Churned
1322-AGOQM,46,Churned
1349-WXNGG,1,Churned
1670-SVOWZ,14,Churned
1871-MOWRM,12,Churned
2091-MJTFX,30,Churned
2114-MGINA,14,Churned
2249-YPRNG,20,Churned
2656-TABEH,4,Churned
2979-SXESE,17,Churned
3030-YZADT,9,Churned
3158-MOERK,2,Churned
3422-LYEPQ,1,Churned
4140-WJAWW,5,Churned
4398-HSCJH,3,Churned
4580-TMHJU,43,Churned
4829-AUOAX,46,Churned
5299-SJCZT,3,Churned
5519-YLDGW,21,Churned
6457-GIRWB,1,Churned
6653-CBBOM,1,Churned
7693-LCKZL,5,Churned
8058-INTPH,1,Churned
8861-HGGKB,10,Churned
9210-IAHGH,7,Churned
9658-WYUFB,17,Churned
0295-PPHDO,1,Churned
0519-XUZJU,1,Churned
1809-DMJHQ,5,Churned
2207-OBZNX,7,Churned
2962-XPMCQ,2,Churned
3329-WDIOK,3,Churned
4274-OWWYO,1,Churned
4729-XKASR,1,Churned
4910-GMJOT,1,Churned
5049-GLYVG,1,Churned
5202-IVJNU,39,Churned
5832-XKAES,2,Churned
6047-YHPVI,5,Churned
6326-MTTXK,8,Churned
6615-NGGZJ,14,Churned
6618-RYATB,1,Churned
7758-XKCBS,15,Churned
8182-BJDSI,28,Churned
8943-URTMR,2,Churned
9079-YEXQJ,54,Churned
9300-RENDD,1,Churned
9611-CTWIH,3,Churned
9804-ICWBG,1,Churned
0330-IVZHA,5,Churned
0923-PNFUB,3,Churned
1569-TTNYJ,5,Churned
2626-URJFX,4,Churned
3085-QUOZK,1,Churned
3797-VTIDR,1,Churned
3804-RVTGV,50,Churned
3992-YWPKO,6,Churned
4112-LUEIZ,10,Churned
4282-YMKNA,9,Churned
4625-EWPTF,8,Churned
4735-ASGMA,26,Churned
5669-SRAIP,5,Churned
5834-ASPWA,1,Churned
5876-HZVZM,6,Churned
6172-FECYY,49,Churned
6372-RFVNS,1,Churned
6892-EZDTG,4,Churned
7853-GVUDZ,1,Churned
8155-IBNHG,24,Churned
8292-TYSPY,19,Churned
8305-VHZBZ,1,Churned
8393-DLHGA,25,Churned
8433-WXGNA,2,Churned
9412-GHEEC,40,Churned
9492-TOKRI,18,Churned
9850-OWRHQ,3,Churned
9944-HKVVB,3,Churned
0207-MDKNV,15,Churned
0426-TIRNE,1,Churned
0940-OUQEC,10,Churned
1010-DIAUQ,5,Churned
1195-OIYEJ,13,Churned
1205-WNWPJ,7,Churned
1447-GIQMR,1,Churned
2026-TGDHM,7,Churned
2344-JMOGN,9,Churned
2754-VDLTR,10,Churned
2868-SNELZ,2,Churned
3640-PHQXK,31,Churned
4110-PFEUZ,1,Churned
4289-DTDKW,40,Churned
4720-VSTSI,44,Churned
4760-XOHVN,1,Churned
5536-RTPWK,49,Churned
5577-OTWWW,15,Churned
5685-IIXLY,5,Churned
5883-GTGVD,19,Churned
6317-YPKDH,1,Churned
6413-XKKPU,17,Churned
6599-RCLCJ,47,Churned
6907-NZZIJ,36,Churned
7133-VBDCG,25,Churned
7511-YMXVQ,9,Churned
7551-JOHTI,1,Churned
7599-FKVXZ,42,Churned
7854-FOKSF,1,Churned
8601-QACRS,5,Churned
8844-TONUD,13,Churned
9330-IJWIO,13,Churned
9681-OXGVC,5,Churned
0601-WZHJF,14,Churned
1432-FPAXX,29,Churned
1550-LOAHA,32,Churned
1596-BBVTG,35,Churned
1740-CSDJP,1,Churned
1915-IOFGU,1,Churned
2672-HUYVI,6,Churned
2933-FILNV,2,Churned
3585-ISXZP,8,Churned
4030-VPZBD,2,Churned
4080-OGPJL,8,Churned
4541-RMRLG,7,Churned
4614-NUVZD,1,Churned
4695-VADHF,18,Churned
4903-UYAVB,5,Churned
4919-MOAVT,3,Churned
5442-UTCVD,3,Churned
5519-NPHVG,12,Churned
5955-ERIHD,18,Churned
6086-ESGRL,1,Churned
6101-IMRMM,6,Churned
7005-CCBKV,6,Churned
7016-BPGEU,29,Churned
7410-KTVFV,18,Churned
7595-EUIVN,1,Churned
7893-IXHRQ,1,Churned
8387-MOJJT,42,Churned
8610-WFCJF,49,Churned
8780-IXSTS,6,Churned
8821-XNHVZ,1,Churned
9318-NKNFC,1,Churned
9444-JTXHZ,1,Churned
9846-GKXAS,9,Churned
9851-KIELU,10,Churned
9940-RHLFB,1,Churned
9985-MWVIX,1,Churned
0117-LFRMW,37,Churned
0719-SYFRB,12,Churned
1481-ZUWZA,28,Churned
2115-BFTIW,25,Churned
2359-KMGLI,24,Churned
2817-NTQDO,13,Churned
3143-JQEGI,13,Churned
3506-LCJDC,1,Churned
3647-GMGDH,22,Churned
4124-MMETB,22,Churned
4550-EVXNY,1,Churned
4658-HCOHW,21,Churned
5766-ZJYBB,1,Churned
6715-OFDBP,5,Churned
7181-BQYBV,1,Churned
7538-GWHML,2,Churned
7989-CHGTL,1,Churned
8083-YTZES,4,Churned
9399-APLBT,1,Churned
9512-UIBFX,18,Churned
9574-RKJIF,30,Churned
9801-GDWGV,39,Churned
0093-XWZFY,40,Churned
1031-IIDEO,1,Churned
2141-RRYGO,4,Churned
2984-MIIZL,4,Churned
3235-ETOOB,8,Churned
3334-CTHOL,1,Churned
3550-SAHFP,33,Churned
3683-QKIUE,6,Churned
3703-VAVCL,2,Churned
3884-HCSWG,17,Churned
4077-CROMM,31,Churned
4529-CKBCL,2,Churned
4603-JANFB,1,Churned
4816-LXZYW,23,Churned
5138-WVKYJ,10,Churned
5380-WJKOV,34,Churned
5590-BYNII,22,Churned
5875-YPQFJ,1,Churned
6400-BWQKW,6,Churned
6432-TWQLB,5,Churned
7240-ETPTR,9,Churned
7459-RRWQZ,15,Churned
7660-HDPJV,1,Churned
7739-LAXOG,32,Churned
7780-OTDSO,18,Churned
8257-RZAHR,14,Churned
8364-TRMMK,3,Churned
8625-AZYZY,24,Churned
9282-IZGQK,1,Churned
9367-WXLCH,8,Churned
9878-TNQGW,2,Churned
0004-TLHLJ,4,Churned
0260-ZDLGK,9,Churned
0742-MOABM,4,Churned
2057-ZBLPD,21,Churned
2079-FBMZK,6,Churned
2911-UREFD,39,Churned
3877-JRJIP,1,Churned
3946-MHCZW,1,Churned
4510-HIMLV,1,Churned
5052-PNLOS,3,Churned
5204-QZXPU,19,Churned
5318-IXUZF,2,Churned
8019-ENHXU,42,Churned
8182-PNAGI,12,Churned
8329-IBCTI,1,Churned
9546-CQJSU,2,Churned
9747-DDZOS,1,Churned
0236-HFWSV,15,Churned
1062-LHZOD,1,Churned
1213-NGCUN,6,Churned
2074-GKOWZ,2,Churned
2845-HSJCY,14,Churned
2868-MZAGQ,1,Churned
2957-LOLHO,12,Churned
3627-FCRDW,9,Churned
3799-ISUZQ,7,Churned
4229-CZMLL,6,Churned
4391-RESHN,23,Churned
5103-MHMHY,1,Churned
5552-ZNFSJ,1,Churned
5909-ECHUI,1,Churned
6331-EWIEB,20,Churned
6331-LWDTQ,10,Churned
7218-HKQFK,2,Churned
7551-DACSP,6,Churned
7783-YKGDV,12,Churned
7851-FLGGQ,1,Churned
7881-EVUAD,2,Churned
8149-RSOUN,1,Churned
8949-JTMAY,29,Churned
9223-UCPVT,1,Churned
9526-JAWYF,26,Churned
9732-KPKBW,1,Churned
0156-FVPTA,22,Churned
0587-DMGBH,8,Churned
1218-VKFPE,12,Churned
1448-PWKYE,1,Churned
1918-ZBFQJ,13,Churned
2955-PSXOE,1,Churned
3858-VOBET,23,Churned
3943-KDREE,26,Churned
4952-YSOGZ,4,Churned
4971-PUYQO,27,Churned
5175-AOBHI,4,Churned
5376-DEQCP,1,Churned
5597-GLBUC,1,Churned
5650-VDUDS,4,Churned
6298-QDFNH,22,Churned
6376-GAHQE,4,Churned
6979-ZNSFF,8,Churned
7153-OANIO,1,Churned
7549-MYGPK,63,Churned
7625-XCQRH,11,Churned
8168-UQWWF,11,Churned
8178-EYZUO,46,Churned
9048-JVYVF,3,Churned
9057-SIHCH,3,Churned
9578-VRMNM,16,Churned
9601-BRXPO,25,Churned
9821-POOTN,35,Churned
0302-JOIVN,8,Churned
0475-RIJEP,43,Churned
0895-DQHEW,54,Churned
1731-TVIUK,4,Churned
2034-GDRCN,2,Churned
2223-KAGMX,15,Churned
2606-RMDHZ,6,Churned
2947-DOMLJ,1,Churned
3165-HDOEW,1,Churned
3198-VELRD,3,Churned
3348-CFRNX,28,Churned
3426-NIYYL,15,Churned
3669-OYSJI,1,Churned
3806-DXQOM,4,Churned
3859-CVCET,4,Churned
4255-DDUOU,1,Churned
4351-QLCSU,1,Churned
4629-NRXKX,2,Churned
4749-VFKVB,1,Churned
5208-HFSBT,2,Churned
5229-PRWKT,8,Churned
5378-IKEEG,1,Churned
6017-PPLPX,20,Churned
6633-MPWBS,5,Churned
6771-XWBDM,57,Churned
6825-UYPFK,23,Churned
6959-UWKHF,1,Churned
7250-EQKIY,1,Churned
7703-ZEKEF,23,Churned
7743-EXURX,8,Churned
7908-QCBCA,1,Churned
8417-FMLZI,6,Churned
8496-EJAUI,19,Churned
8878-HMWBV,3,Churned
9172-JITSM,26,Churned
9415-DPEWS,18,Churned
9572-MTILT,59,Churned
9725-SCPZG,1,Churned
0362-ZBZWJ,36,Churned
0952-KMEEH,13,Churned
1086-LXKFY,1,Churned
1262-OPMFY,9,Churned
2180-DXNEG,12,Churned
2608-BHKFN,4,Churned
2672-DZUOY,1,Churned
3538-WZPHD,3,Churned
3671-SHRSP,4,Churned
4143-HHPMK,52,Churned
4183-WCSEP,31,Churned
4432-ADRLB,2,Churned
4592-IWTJI,3,Churned
4817-QRJSX,10,Churned
5016-ETTFF,10,Churned
5087-SUURX,18,Churned
5219-YIPTK,33,Churned
5515-IDEJJ,1,Churned
5712-PTIWW,2,Churned
6166-ILMNY,2,Churned
7321-PKUYW,11,Churned
7854-EDSSA,22,Churned
8357-EQXFO,7,Churned
8593-WHYHV,3,Churned
8718-PTMEZ,13,Churned
8901-HJXTF,12,Churned
8931-GJJIQ,9,Churned
0235-KGSLC,1,Churned
0461-CVKMU,23,Churned
0564-JJHGS,9,Churned
0654-HMSHN,21,Churned
0963-ZBDRN,32,Churned
1323-OOEPC,53,Churned
2372-HWUHI,2,Churned
2484-DGXPZ,31,Churned
3178-FESZO,1,Churned
3721-CNEYS,2,Churned
3900-AQPHZ,1,Churned
4078-SAYYN,11,Churned
4236-XPXAV,5,Churned
4484-CGXFK,3,Churned
4786-UKSNZ,1,Churned
5766-XQXMQ,29,Churned
6857-VWJDT,1,Churned
6982-SSHFK,1,Churned
7927-AUXBZ,30,Churned
9840-DVNDC,6,Churned
0325-XBFAC,8,Churned
0939-YAPAF,35,Churned
1455-ESIQH,1,Churned
1981-INRFU,2,Churned
2004-OCQXK,1,Churned
2027-FECZV,12,Churned
2430-USGXP,24,Churned
2495-INZWQ,4,Churned
3018-TFTSU,12,Churned
3387-VATUS,5,Churned
3801-HMYNL,1,Churned
4074-SJFFA,1,Churned
4250-FDVOU,6,Churned
4430-UZIPO,3,Churned
4446-BZKHU,61,Churned
4662-EKDPQ,2,Churned
4671-LXRDQ,2,Churned
4911-BANWH,31,Churned
5295-PCJOO,4,Churned
5364-XYIRR,51,Churned
5380-AFSSK,5,Churned
5590-YRFJT,20,Churned
5835-BEQEU,3,Churned
5949-EBSQK,4,Churned
6087-MVHJH,16,Churned
6365-MTGZX,24,Churned
7663-RGWBC,1,Churned
8073-IJDCM,1,Churned
8429-XIBUM,22,Churned
9136-ALYBR,1,Churned
9306-CPCBC,3,Churned
9728-FTTVZ,1,Churned
9921-ZVRHG,14,Churned
9948-YPTDG,38,Churned
0151-ONTOV,1,Churned
0328-GRPMV,1,Churned
0345-HKJVM,6,Churned
0733-VUNUW,24,Churned
0778-NELLA,9,Churned
0807-ZABDG,3,Churned
0897-FEGMU,11,Churned
1114-CENIM,54,Churned
2369-UAPKZ,5,Churned
2568-BRGYX,4,Churned
3177-LASXD,1,Churned
3237-AJGEH,3,Churned
3663-MITLP,15,Churned
4192-GORJT,5,Churned
4566-GOLUK,47,Churned
4831-EOBFE,29,Churned
6128-CZOMY,1,Churned
6141-OOXUQ,1,Churned
6849-WLEYG,1,Churned
7825-ECJRF,19,Churned
9820-RMCQV,11,Churned
0125-LZQXK,15,Churned
0515-YPMCW,1,Churned
0684-AOSIH,1,Churned
0689-NKYLF,13,Churned
1577-HKTFG,30,Churned
1602-IJQQE,4,Churned
1725-MIMXW,1,Churned
2108-YKQTY,4,Churned
2154-KVJFF,15,Churned
2309-OSFEU,10,Churned
3097-NNSPB,2,Churned
3374-LXDEV,13,Churned
3376-BMGFE,4,Churned
4228-ZGYUW,4,Churned
4897-QSUYC,1,Churned
5502-RLUYV,69,Churned
5995-OIGLP,12,Churned
6100-QQHEB,17,Churned
6140-QNRQQ,1,Churned
6330-JKLPC,11,Churned
6379-RXJRQ,10,Churned
6615-ZGEDR,1,Churned
6711-VTNRE,36,Churned
7314-OXENN,2,Churned
7470-MCQTK,13,Churned
7683-CBDKJ,14,Churned
7734-DBOAI,1,Churned
8519-QJGJD,14,Churned
8785-EPNCG,11,Churned
8938-UMKPI,47,Churned
9025-AOMKI,6,Churned
9170-GYZJC,41,Churned
9689-PTNPG,2,Churned
0148-DCDOS,25,Churned
0268-QKIWO,3,Churned
0488-GSLFR,1,Churned
0511-JTEOY,1,Churned
2311-QYMUQ,16,Churned
2482-CZGBB,10,Churned
2869-ADAWR,45,Churned
2955-BJZHG,17,Churned
2968-SSGAA,10,Churned
4139-SUGLD,31,Churned
4210-QFJMF,4,Churned
4211-MMAZN,1,Churned
4390-KYULV,3,Churned
4503-BDXBD,11,Churned
4566-QVRRW,11,Churned
4678-DVQEO,1,Churned
4959-JOSRX,2,Churned
5054-IEXZT,1,Churned
5583-SXDAG,1,Churned
5698-BQJOH,9,Churned
5797-APWZC,1,Churned
5868-CZJDR,1,Churned
7180-PISOG,1,Churned
7613-LLQFO,12,Churned
7825-GKXMW,1,Churned
8183-ONMXC,2,Churned
8603-IJWDN,1,Churned
8761-NSOBC,44,Churned
8945-GRKHX,1,Churned
9158-VCTQB,41,Churned
0133-BMFZO,2,Churned
0329-GTIAJ,3,Churned
0420-BWTPW,8,Churned
0637-UBJRP,13,Churned
0872-NXJYS,9,Churned
0925-VYDLG,3,Churned
1264-BYWMS,55,Churned
1624-WOIWJ,10,Churned
1750-CSKKM,9,Churned
2195-ZRVAX,47,Churned
2391-SOORI,4,Churned
2696-NARTR,11,Churned
2754-XBHTB,9,Churned
2834-SPCJV,52,Churned
3891-PUQOD,1,Churned
3908-BLSYF,6,Churned
4572-DVCGN,10,Churned
4759-TRPLW,1,Churned
4892-VLANZ,1,Churned
5228-EXCET,13,Churned
5393-RXQSZ,1,Churned
6227-HWPWX,15,Churned
7562-GSUHK,16,Churned
7979-CORPM,24,Churned
8624-GIOUT,49,Churned
8775-CEBBJ,9,Churned
8937-RDTHP,1,Churned
8992-JQYUN,1,Churned
9436-ZBZCT,14,Churned
9560-ARGQJ,16,Churned
9992-RRAMN,22,Churned
0495-RVCBF,1,Churned
0637-YLETY,16,Churned
1024-VRZHF,11,Churned
1143-NMNQJ,2,Churned
1597-FZREH,2,Churned
1902-XBTFB,22,Churned
2100-BDNSN,5,Churned
2472-OVKUP,6,Churned
5027-QPKTE,7,Churned
5196-SGOAK,1,Churned
5498-TXHLF,34,Churned
6000-APYLU,9,Churned
6416-TVAIH,1,Churned
6424-ELEYH,3,Churned
6906-ANDWJ,15,Churned
6923-EFPNL,4,Churned
7526-BEZQB,12,Churned
7593-XFKDI,1,Churned
8065-YKXKD,10,Churned
8280-MQRQN,1,Churned
8640-SDGKB,4,Churned
8714-EUHJO,31,Churned
8818-XYFCQ,32,Churned
9227-LUNBG,1,Churned
9408-SSNVZ,4,Churned
9445-SZLCH,36,Churned
9600-NAXZN,43,Churned
9837-BMCLM,3,Churned
0280-XJGEX,49,Churned
0841-NULXI,1,Churned
0843-WTBXE,53,Churned
0970-ETWGE,1,Churned
1087-UDSIH,3,Churned
1184-PJVDB,10,Churned
1591-NFNLQ,51,Churned
1853-UDXBW,1,Churned
1894-IGFSG,22,Churned
3494-JCHRQ,1,Churned
4439-JMPMT,5,Churned
5356-RHIPP,1,Churned
5515-AKOAJ,54,Churned
5536-SLHPM,55,Churned
6410-LEFEN,9,Churned
8008-HAWED,14,Churned
8976-OQHGT,4,Churned
9787-XVQIU,1,Churned
9874-QLCLH,17,Churned
0032-PGELS,1,Churned
0322-YINQP,1,Churned
0486-HECZI,55,Churned
1228-FZFRV,50,Churned
1965-DDBWU,16,Churned
2189-WWOEW,15,Churned
2683-BPJSO,29,Churned
3063-QFSZL,1,Churned
3668-QPYBK,2,Churned
4083-EUGRJ,9,Churned
4883-QICIH,32,Churned
5077-DXTCG,1,Churned
5159-YFPKQ,2,Churned
5708-EVONK,58,Churned
5842-POCOP,5,Churned
5923-GXUOC,10,Churned
6221-AVQYL,2,Churned
6311-UEUME,29,Churned
7112-OPOTK,33,Churned
7547-EKNFS,42,Churned
7571-YXDAD,2,Churned
7767-UXAGJ,1,Churned
7802-EFKNY,5,Churned
9625-QSTYE,13,Churned
9828-AOQLM,1,Churned
9897-KXHCM,3,Churned
0871-URUWO,13,Churned
1120-BMWUB,16,Churned
1513-XNPPH,12,Churned
1585-MQSSU,17,Churned
1689-MRZQR,34,Churned
2187-LZGPL,7,Churned
2235-ZGKPT,4,Churned
2485-ITVKB,2,Churned
2592-SEIFQ,3,Churned
2685-SREOM,25,Churned
2719-BDAQO,17,Churned
2919-HBCJO,4,Churned
3223-WZWJM,26,Churned
5419-KLXBN,25,Churned
5976-JCJRH,10,Churned
6581-NQCBA,16,Churned
6688-UZPWD,11,Churned
6689-KXGBO,1,Churned
7359-PTSXY,1,Churned
7861-UVUFT,15,Churned
8229-TNIQA,4,Churned
8816-VXNZD,1,Churned
9117-SHLZX,1,Churned
9283-LZQOH,13,Churned
9722-UJOJR,29,Churned
9986-BONCE,4,Churned
0611-DFXKO,20,Churned
0727-IWKVK,9,Churned
1084-UQCHV,1,Churned
1455-UGQVH,10,Churned
1867-BDVFH,11,Churned
1934-SJVJK,1,Churned
2332-EFBJY,16,Churned
2640-PMGFL,27,Churned
3211-ILJTT,17,Churned
3948-XHGNA,24,Churned
4009-ALQFH,25,Churned
4547-LYTDD,16,Churned
4946-EDSEW,11,Churned
5027-XWQHA,6,Churned
5057-LCOUI,39,Churned
5445-UTODQ,7,Churned
5510-BOIUJ,1,Churned
5687-DKDTV,4,Churned
6032-IGALN,1,Churned
6121-VZNQB,1,Churned
6393-WRYZE,34,Churned
6608-QQLVK,1,Churned
6839-ITVZJ,26,Churned
7079-QRCBC,24,Churned
7377-DMMRI,2,Churned
7410-YTJIK,7,Churned
7479-NITWS,7,Churned
7912-SYRQT,7,Churned
8837-VVWLQ,8,Churned
9172-ANCRX,10,Churned
0031-PVLZI,4,Churned
0568-ONFPC,5,Churned
0870-VEMYL,5,Churned
1501-SGHBW,2,Churned
2619-WFQWU,1,Churned
3006-XIMLN,2,Churned
3045-XETSH,10,Churned
3580-REOAC,10,Churned
3727-RJMEO,6,Churned
4277-PVRAN,8,Churned
5134-IKDAY,1,Churned
5449-FIBXJ,19,Churned
5494-HECPR,1,Churned
5673-TIYIB,2,Churned
5998-VVEJY,26,Churned
6127-ISGTU,16,Churned
6178-KFNHS,12,Churned
6457-USBER,1,Churned
7295-JOMMD,4,Churned
7568-PODML,1,Churned
7623-TRNQN,1,Churned
7881-INRLC,45,Churned
7943-RQCHR,9,Churned
8413-VONUO,2,Churned
8637-XJIVR,12,Churned
8784-CGILN,18,Churned
9191-MYQKX,7,Churned
9420-LOJKX,15,Churned
0348-SDKOL,58,Churned
0772-GYEQQ,3,Churned
1342-JPNKI,10,Churned
1449-XQEMT,3,Churned
1450-GALXR,10,Churned
2320-JRSDE,1,Churned
2462-XIIJB,5,Churned
3148-BLQJT,1,Churned
3934-HXCFZ,23,Churned
3945-GFWQL,12,Churned
4013-UBXWQ,7,Churned
4143-OOBWZ,5,Churned
4290-BSXUX,3,Churned
4415-IJZTP,1,Churned
5095-AESKG,3,Churned
5570-PTWEH,3,Churned
6032-KRXXO,30,Churned
6110-OHIHY,3,Churned
7198-GLXTC,2,Churned
8185-UPYBR,6,Churned
8614-VGMMV,15,Churned
8868-WOZGU,28,Churned
9430-FRQOC,4,Churned
9524-EGPJC,18,Churned
9600-UDOPK,30,Churned
0107-WESLM,1,Churned
0596-BQCEQ,62,Churned
0655-RBDUG,7,Churned
1396-QWFBJ,21,Churned
2058-DCJBE,5,Churned
2446-PLQVO,1,Churned
2609-IAICY,1,Churned
3096-IZETN,12,Churned
3106-ULWFW,8,Churned
3874-EQOEP,7,Churned
4652-NNHNY,16,Churned
5419-JPRRN,1,Churned
5692-FPTAH,1,Churned
5919-TMRGD,1,Churned
5949-XIKAE,8,Churned
6023-YEBUP,3,Churned
6214-EDAKZ,22,Churned
6352-TWCAU,35,Churned
6543-CPZMK,9,Churned
6680-WKXRZ,3,Churned
7228-OMTPN,4,Churned
7639-SUPCW,22,Churned
7760-OYPDY,2,Churned
7817-BOQPW,2,Churned
7851-WZEKY,2,Churned
8372-JUXUI,1,Churned
0375-HVGXO,1,Churned
0378-NHQXU,17,Churned
0991-BRRFB,18,Churned
1465-VINDH,10,Churned
1518-VOWAV,9,Churned
1579-KLYDT,7,Churned
1963-VAUKV,1,Churned
2025-JKFWI,13,Churned
2082-CEFLT,1,Churned
3285-UCQVC,37,Churned
4512-ZUIYL,2,Churned
4855-SNKMY,1,Churned
5261-QSHQM,4,Churned
5301-GAUUY,32,Churned
5696-QURRL,1,Churned
6437-UKHMV,7,Churned
6772-KSATR,1,Churned
7120-RFMVS,1,Churned
7379-POKDZ,3,Churned
7517-SAWMO,19,Churned
7786-WBJYI,4,Churned
7812-FZHPE,17,Churned
7854-EKTJL,2,Churned
9305-CDSKC,8,Churned
9894-EZEWG,1,Churned
0278-YXOOG,5,Churned
0637-KVDLV,2,Churned
0979-PHULV,69,Churned
1320-HTRDR,3,Churned
1618-CFHME,2,Churned
2519-FAKOD,38,Churned
2952-QAYZF,5,Churned
3049-NDXFL,1,Churned
3074-GQWYX,5,Churned
3982-XWFZQ,42,Churned
4349-GFQHK,1,Churned
4558-FANTW,17,Churned
4701-AHWMW,55,Churned
4847-QNOKA,1,Churned
4877-EVATK,1,Churned
4910-AQFFX,9,Churned
4951-UKAAQ,4,Churned
5108-ADXWO,11,Churned
5154-VEKBL,9,Churned
5616-PRTNT,20,Churned
5940-AHUHD,1,Churned
6204-IEUXJ,3,Churned
6770-XUAGN,1,Churned
6834-NXDCA,13,Churned
7254-IQWOZ,1,Churned
7294-TMAOP,1,Churned
7563-BIUPC,5,Churned
8481-YYXWG,5,Churned
8740-XLHDR,5,Churned
9507-EXLTT,1,Churned
9526-BIHHD,1,Churned
9540-JYROE,8,Churned
9576-ANLXO,3,Churned
0122-OAHPZ,7,Churned
1024-GUALD,1,Churned
1066-JKSGK,1,Churned
1612-EOHDH,1,Churned
2108-XWMPY,3,Churned
2737-YNGYW,2,Churned
2930-UOTMB,31,Churned
3066-RRJIO,1,Churned
3315-TOTBP,15,Churned
4361-JEIVL,1,Churned
4818-DRBQT,29,Churned
4925-LMHOK,15,Churned
6356-ELRKD,1,Churned
6439-GTPCA,45,Churned
6776-TLWOI,3,Churned
6845-RGTYS,47,Churned
6956-SMUCM,3,Churned
6986-IJDHX,39,Churned
8260-NGFNY,1,Churned
9102-IAYHT,17,Churned
9614-RMGHA,65,Churned
0320-JDNQG,23,Churned
0388-EOPEX,2,Churned
0447-BEMNG,48,Churned
0621-TWIEM,10,Churned
0639-TSIQW,67,Churned
0702-PGIBZ,4,Churned
1493-AMTIE,1,Churned
1678-FYZOW,3,Churned
1842-EZJMK,50,Churned
2691-NZETQ,9,Churned
2737-WFVYW,2,Churned
2951-QOQTK,4,Churned
3249-ZPQRG,4,Churned
3627-FHKBK,1,Churned
3707-GNWHM,1,Churned
3838-OZURD,66,Churned
3842-IYKUE,35,Churned
4489-SNOJF,35,Churned
5482-NUPNA,4,Churned
5520-FVEWJ,12,Churned
6347-DCUIK,10,Churned
6821-BUXUX,13,Churned
7065-YUNRY,1,Churned
7938-OUHIO,3,Churned
8066-POXGX,13,Churned
8835-VSDSE,2,Churned
9206-GVPEQ,13,Churned
1009-IRMNA,7,Churned
1029-QFBEN,1,Churned
1309-BXVOQ,21,Churned
1820-TQVEV,1,Churned
2013-SGDXK,1,Churned
2189-UXTKY,22,Churned
2842-JTCCU,2,Churned
2983-ZANRP,2,Churned
3244-DCJWY,1,Churned
3677-TNKIO,14,Churned
3926-CUQZX,1,Churned
4307-KTUMW,53,Churned
4806-KEXQR,4,Churned
5174-RNGBH,9,Churned
5394-SVGJV,37,Churned
5889-LFOLL,13,Churned
6142-VSJQO,1,Churned
6207-WIOLX,25,Churned
6240-EURKS,18,Churned
6502-MJQAE,1,Churned
6651-AZVTJ,49,Churned
7603-USHJS,12,Churned
7831-QGOXH,18,Churned
8063-RJYNF,16,Churned
8650-RHRKE,4,Churned
8665-UTDHZ,1,Churned
8676-TRMJS,3,Churned
9039-RBEEE,39,Churned
9185-TQCVP,14,Churned
9734-UYXQI,2,Churned
9734-YWGEX,9,Churned
0023-XUOPT,13,Churned
0195-IESCP,10,Churned
0219-YTZUE,4,Churned
0867-MKZVY,20,Churned
1193-RTSLK,38,Churned
1226-UDFZR,2,Churned
1582-RAFML,1,Churned
1589-AGTLK,3,Churned
1875-QIVME,2,Churned
2568-OIADY,37,Churned
2636-OHFMN,4,Churned
2725-KXXWT,1,Churned
3440-JPSCL,6,Churned
3521-SYVOR,37,Churned
3815-SLMEF,3,Churned
4548-SDBKE,5,Churned
6173-ITPWD,47,Churned
6358-LYNGM,1,Churned
6905-NIQIN,1,Churned
6941-PMGEP,5,Churned
6993-OHLXR,2,Churned
6996-KNSML,1,Churned
7089-IVVAZ,8,Churned
7530-HDYDS,38,Churned
9050-QLROH,18,Churned
9661-ACXBS,42,Churned
0137-OCGAB,1,Churned
0224-HJAPT,5,Churned
0318-QUUOB,1,Churned
0524-IAVZO,30,Churned
1000-AJSLD,1,Churned
1041-RXHRA,41,Churned
1522-VVDMG,7,Churned
2037-SGXHH,38,Churned
2082-OJVTK,29,Churned
2202-CUYXZ,1,Churned
2575-GFSOE,7,Churned
2612-RRIDN,4,Churned
3583-EKAPL,1,Churned
3744-ZRRDZ,21,Churned
3803-KMQFW,1,Churned
4585-HETAI,4,Churned
5572-ZDXHY,22,Churned
5899-MQZZL,13,Churned
6038-GCYEC,24,Churned
7209-JCUDS,10,Churned
7330-WZLNC,5,Churned
7503-ZGUZJ,1,Churned
7665-TOALD,1,Churned
8642-GVWRF,2,Churned
8708-XPXHZ,42,Churned
8722-NGNBH,5,Churned
8806-EAGWC,3,Churned
9474-PHLYD,15,Churned
0115-TFERT,21,Churned
0137-UDEUO,3,Churned
2002-MZHWP,1,Churned
2612-RANWT,12,Churned
2867-UIMSS,1,Churned
4488-PSYCG,16,Churned
4588-YBNIB,1,Churned
5960-WPXQM,1,Churned
7341-LXCAF,4,Churned
7845-URHJN,8,Churned
0231-LXVAP,1,Churned
0578-SKVMF,22,Churned
0883-EIBTI,2,Churned
0927-LCSMG,7,Churned
0968-GSIKN,1,Churned
2024-BASKD,1,Churned
2833-SLKDQ,1,Churned
3276-HDUEG,1,Churned
3331-HQDTW,34,Churned
3722-WPXTK,1,Churned
3765-JXVKY,1,Churned
3834-XUIFC,7,Churned
4116-TZAQJ,9,Churned
4361-BKAXE,41,Churned
4587-VVTOX,6,Churned
4628-CTTLA,57,Churned
4918-QLLIW,3,Churned
5896-NPFWW,3,Churned
7054-LGEQW,1,Churned
7587-RZNME,3,Churned
7615-ESMYF,2,Churned
7721-JXEAW,59,Churned
7892-POOKP,28,Churned
8042-JVNFH,1,Churned
8565-CLBZW,24,Churned
9239-ZBZZV,6,Churned
9692-TUSXH,18,Churned
0259-GBZSH,2,Churned
0363-QJVFX,32,Churned
0402-CQAJN,37,Churned
0746-JTRFU,2,Churned
1251-KRREG,2,Churned
1450-SKCVI,56,Churned
1794-HBQTJ,1,Churned
2232-DMLXU,1,Churned
2362-IBOOY,36,Churned
2386-LAHRK,1,Churned
2645-QTLMB,7,Churned
2929-ERCFZ,8,Churned
4423-YLHDV,21,Churned
4745-LSPLO,1,Churned
5729-KLZAR,4,Churned
6876-ADESB,1,Churned
7083-YNSKY,15,Churned
8397-MVTAZ,34,Churned
9063-ZGTUY,61,Churned
9124-LHCJQ,1,Churned
9451-LPGOO,7,Churned
0376-YMCJC,23,Churned
0404-SWRVG,3,Churned
0516-WJVXC,5,Churned
0880-TKATG,4,Churned
0947-IDHRQ,7,Churned
1565-RHDJD,4,Churned
2150-UWTFY,22,Churned
2565-JSLRY,1,Churned
2810-FTLEM,16,Churned
3027-ZTDHO,1,Churned
3049-SOLAY,3,Churned
3143-ILDAL,56,Churned
3415-TAILE,2,Churned
3540-RZJYU,15,Churned
3753-TSEMP,15,Churned
4190-MFLUW,10,Churned
4523-WXCEF,59,Churned
4817-VYYWS,30,Churned
5028-GZLDO,2,Churned
6108-OQZDQ,4,Churned
6390-DSAZX,1,Churned
6877-TJMBR,1,Churned
7239-HZZCX,1,Churned
7434-SHXLS,1,Churned
8348-HFYIV,2,Churned
8824-RWFXJ,3,Churned
9448-REEVD,1,Churned
9851-QXEEQ,41,Churned
0378-TOVMS,3,Churned
1428-GTBJJ,11,Churned
1571-SAVHK,12,Churned
2506-CLAKW,6,Churned
2777-PHDEI,1,Churned
3186-BAXNB,1,Churned
3669-LVWZB,5,Churned
4484-GLZOU,52,Churned
4765-OXPPD,9,Churned
5366-IJEQJ,20,Churned
5759-RCVCB,3,Churned
5922-ABDVO,19,Churned
6394-MFYNG,48,Churned
6682-QJDGB,40,Churned
6960-HVYXR,1,Churned
7207-RMRDB,65,Churned
7242-QZLXF,1,Churned
7274-RTAPZ,1,Churned
7508-MYBOG,14,Churned
7594-RQHXR,1,Churned
7752-XUSCI,60,Churned
7993-PYKOF,8,Churned
8111-RKSPX,4,Churned
8773-HHUOZ,17,Churned
9250-WYPLL,5,Churned
9637-EIHEQ,1,Churned
0697-ZMSWS,4,Churned
0822-GAVAP,2,Churned
2894-QOJRX,25,Churned
3656-TKRVZ,3,Churned
3658-KIBGF,1,Churned
4704-ERYFC,22,Churned
4763-PGDPO,4,Churned
5493-SDRDQ,2,Churned
5624-BQSSA,1,Churned
5673-FSSMF,1,Churned
5980-NOPLP,44,Churned
6338-AVWCY,3,Churned
7598-UAASY,2,Churned
7841-TZDMQ,2,Churned
7963-GQRMY,3,Churned
9237-HQITU,2,Churned
9259-PACGQ,34,Churned
