Customer_ID,Online_Security,Online_Backup,Customer_Status
7379-FNIUJ,Yes,Yes,Joined
2585-KTFRE,Yes,Yes,Joined
4854-SSLTN,Yes,Yes,Joined
2792-LSHWX,Yes,Yes,Joined
3090-LETTY,Yes,Yes,Joined
1928-BXYIV,Yes,Yes,Joined
3071-VBYPO,Yes,Yes,Joined
2710-WYVXG,Yes,Yes,Joined
5091-HFAZW,Yes,Yes,Joined
9108-EJFJP,Yes,Yes,Joined
0139-IVFJG,Yes,Yes,Joined
6917-YACBP,Yes,Yes,Stayed
7629-WFGLW,Yes,Yes,Stayed
8760-ZRHKE,Yes,Yes,Stayed
0442-ZXKVS,Yes,Yes,Stayed
2451-YMUXS,Yes,Yes,Stayed
3179-GBRWV,Yes,Yes,Stayed
3740-RLMVT,Yes,Yes,Stayed
3908-MKIMJ,Yes,Yes,Stayed
7130-CTCUS,Yes,Yes,Stayed
7852-LECYP,Yes,Yes,Stayed
8169-SAEJD,Yes,Yes,Stayed
8250-ZNGGW,Yes,Yes,Stayed
8628-MFKAX,Yes,Yes,Stayed
9919-FZDED,Yes,Yes,Stayed
2274-XUATA,Yes,Yes,Stayed
3537-RYBHH,Yes,Yes,Stayed
3982-DQLUS,Yes,Yes,Stayed
5248-RPYWW,Yes,Yes,Stayed
6904-JLBGY,Yes,Yes,Stayed
7005-CYUIL,Yes,Yes,Stayed
7426-GSWPO,Yes,Yes,Stayed
8204-YJCLA,Yes,Yes,Stayed
3244-CQPHU,Yes,Yes,Stayed
3865-ZYKAD,Yes,Yes,Stayed
4806-DXQCE,Yes,Yes,Stayed
4824-GUCBY,Yes,Yes,Stayed
4868-AADLV,Yes,Yes,Stayed
6383-ZTSIW,Yes,Yes,Stayed
7789-CRUVC,Yes,Yes,Stayed
8133-ANHHJ,Yes,Yes,Stayed
8565-WUXZU,Yes,Yes,Stayed
8606-CIQUL,Yes,Yes,Stayed
9058-HRZSV,Yes,Yes,Stayed
9591-YVTEB,Yes,Yes,Stayed
3657-COGMW,Yes,Yes,Stayed
5456-ITGIC,Yes,Yes,Stayed
6646-JPPHA,Yes,Yes,Stayed
7472-EQOAV,Yes,Yes,Stayed
7576-JMYWV,Yes,Yes,Stayed
9699-UBQFS,Yes,Yes,Stayed
1421-HCERK,Yes,Yes,Stayed
1480-BKXGA,Yes,Yes,Stayed
2878-RMWXY,Yes,Yes,Stayed
3108-PCCGG,Yes,Yes,Stayed
3258-SYSWS,Yes,Yes,Stayed
5135-GRQJV,Yes,Yes,Stayed
5451-YHYPW,Yes,Yes,Stayed
5820-PTRYM,Yes,Yes,Stayed
6919-ELBGL,Yes,Yes,Stayed
7446-YPODE,Yes,Yes,Stayed
8406-LNMHF,Yes,Yes,Stayed
9681-KYGYB,Yes,Yes,Stayed
0907-HQNTS,Yes,Yes,Stayed
2388-LAESQ,Yes,Yes,Stayed
3398-GCPMU,Yes,Yes,Stayed
4083-BFNYK,Yes,Yes,Stayed
4118-CEVPF,Yes,Yes,Stayed
4304-XUMGI,Yes,Yes,Stayed
5227-JSCFE,Yes,Yes,Stayed
5897-ZYEKH,Yes,Yes,Stayed
1779-PWPMG,Yes,Yes,Stayed
1986-PHGZF,Yes,Yes,Stayed
2639-UGMAZ,Yes,Yes,Stayed
2673-CXQEU,Yes,Yes,Stayed
3402-XRIUO,Yes,Yes,Stayed
5730-RIITO,Yes,Yes,Stayed
7322-OCWHC,Yes,Yes,Stayed
8041-TMEID,Yes,Yes,Stayed
8166-ORCHU,Yes,Yes,Stayed
3915-ODIYG,Yes,Yes,Stayed
4023-RTIQM,Yes,Yes,Stayed
4667-QONEA,Yes,Yes,Stayed
4782-OSFXZ,Yes,Yes,Stayed
5195-KPUNQ,Yes,Yes,Stayed
5387-ASZNZ,Yes,Yes,Stayed
5981-ZVXOT,Yes,Yes,Stayed
6437-UDQJM,Yes,Yes,Stayed
6458-CYIDZ,Yes,Yes,Stayed
8029-XYPWT,Yes,Yes,Stayed
2205-LPVGL,Yes,Yes,Stayed
2931-VUVJN,Yes,Yes,Stayed
3146-MSEGF,Yes,Yes,Stayed
3898-GUYTS,Yes,Yes,Stayed
6121-TNHBO,Yes,Yes,Stayed
6435-VWCCY,Yes,Yes,Stayed
6689-VRRTK,Yes,Yes,Stayed
7622-FWGEW,Yes,Yes,Stayed
1060-ENTOF,Yes,Yes,Stayed
1258-YMZNM,Yes,Yes,Stayed
1394-SUIUH,Yes,Yes,Stayed
1576-PFZIW,Yes,Yes,Stayed
2057-BOYKM,Yes,Yes,Stayed
2144-BFDSO,Yes,Yes,Stayed
2322-VCZHZ,Yes,Yes,Stayed
3219-JQRSL,Yes,Yes,Stayed
4250-WAROZ,Yes,Yes,Stayed
4334-HOWRP,Yes,Yes,Stayed
4827-LTQRJ,Yes,Yes,Stayed
8016-NCFVO,Yes,Yes,Stayed
8261-GWDBQ,Yes,Yes,Stayed
8752-GHJFU,Yes,Yes,Stayed
0248-PGHBZ,Yes,Yes,Stayed
0336-PIKEI,Yes,Yes,Stayed
2176-LVPNX,Yes,Yes,Stayed
3786-WOVKF,Yes,Yes,Stayed
3841-NFECX,Yes,Yes,Stayed
4007-NHVHI,Yes,Yes,Stayed
4654-DLAMQ,Yes,Yes,Stayed
4726-DLWQN,Yes,Yes,Stayed
6963-EZQEE,Yes,Yes,Stayed
7868-TMWMZ,Yes,Yes,Stayed
9470-YFUYI,Yes,Yes,Stayed
9481-IEBZY,Yes,Yes,Stayed
2186-QZEYA,Yes,Yes,Stayed
2615-YVMYX,Yes,Yes,Stayed
5828-DWPIL,Yes,Yes,Stayed
5996-NRVXR,Yes,Yes,Stayed
6522-YRBXD,Yes,Yes,Stayed
7503-MIOGA,Yes,Yes,Stayed
7537-CBQUZ,Yes,Yes,Stayed
7905-NJMXS,Yes,Yes,Stayed
7923-IYJWY,Yes,Yes,Stayed
8065-QBYTO,Yes,Yes,Stayed
8336-TAVKX,Yes,Yes,Stayed
9052-VKDUW,Yes,Yes,Stayed
0013-SMEOE,Yes,Yes,Stayed
2000-DHJUY,Yes,Yes,Stayed
3197-ARFOY,Yes,Yes,Stayed
3518-FSTWG,Yes,Yes,Stayed
3605-JISKB,Yes,Yes,Stayed
8050-DVOJX,Yes,Yes,Stayed
8707-RMEZH,Yes,Yes,Stayed
9278-VZKCD,Yes,Yes,Stayed
4833-QTJNO,Yes,Yes,Stayed
8024-XNAFQ,Yes,Yes,Stayed
1568-BEKZM,Yes,Yes,Stayed
2055-BFOCC,Yes,Yes,Stayed
5371-VYLSX,Yes,Yes,Stayed
6734-FQAJX,Yes,Yes,Stayed
0254-KCJGT,Yes,Yes,Stayed
1371-DWPAZ,Yes,Yes,Stayed
1575-KRZZE,Yes,Yes,Stayed
2882-WDTBA,Yes,Yes,Stayed
2925-VDZHY,Yes,Yes,Stayed
2927-CVULT,Yes,Yes,Stayed
3316-UWXUY,Yes,Yes,Stayed
3948-KXDUF,Yes,Yes,Stayed
4374-YMUSQ,Yes,Yes,Stayed
4701-LKOZD,Yes,Yes,Stayed
5129-HHMZC,Yes,Yes,Stayed
5206-HPJKM,Yes,Yes,Stayed
5727-MYATE,Yes,Yes,Stayed
6736-DHUQI,Yes,Yes,Stayed
8401-EMUWF,Yes,Yes,Stayed
8619-IJNDK,Yes,Yes,Stayed
8780-YRMTT,Yes,Yes,Stayed
9225-BZLNZ,Yes,Yes,Stayed
9637-CDTKZ,Yes,Yes,Stayed
0206-TBWLC,Yes,Yes,Stayed
0864-FVJNJ,Yes,Yes,Stayed
1053-MXTTK,Yes,Yes,Stayed
1084-MNSMJ,Yes,Yes,Stayed
1488-PBLJN,Yes,Yes,Stayed
1810-BOHSY,Yes,Yes,Stayed
2088-IEBAU,Yes,Yes,Stayed
2252-NKNSI,Yes,Yes,Stayed
2380-DAMQP,Yes,Yes,Stayed
6253-GNHWH,Yes,Yes,Stayed
6701-YVNQG,Yes,Yes,Stayed
7963-SHNDT,Yes,Yes,Stayed
8071-SBTRN,Yes,Yes,Stayed
8992-VONJD,Yes,Yes,Stayed
8999-YPYBV,Yes,Yes,Stayed
9408-HRXRK,Yes,Yes,Stayed
0123-CRBRT,Yes,Yes,Stayed
0237-YFUTL,Yes,Yes,Stayed
0270-THENM,Yes,Yes,Stayed
0562-KBDVM,Yes,Yes,Stayed
1301-LOPVR,Yes,Yes,Stayed
1319-YLZJG,Yes,Yes,Stayed
2606-PKWJB,Yes,Yes,Stayed
3638-VBZTA,Yes,Yes,Stayed
5590-ZSKRV,Yes,Yes,Stayed
5740-YHGTW,Yes,Yes,Stayed
6137-MFAJN,Yes,Yes,Stayed
6353-BRMMA,Yes,Yes,Stayed
8197-BFWVU,Yes,Yes,Stayed
8496-DMZUK,Yes,Yes,Stayed
8547-NSBBO,Yes,Yes,Stayed
8626-PTQGE,Yes,Yes,Stayed
8809-XKHMD,Yes,Yes,Stayed
9036-CSKBW,Yes,Yes,Stayed
9786-YWNHU,Yes,Yes,Stayed
0301-FIDRB,Yes,Yes,Stayed
0562-FGDCR,Yes,Yes,Stayed
0675-NCDYU,Yes,Yes,Stayed
0868-VJRDR,Yes,Yes,Stayed
1163-ONYEY,Yes,Yes,Stayed
1960-UOTYM,Yes,Yes,Stayed
2378-YIZKA,Yes,Yes,Stayed
2977-CEBSX,Yes,Yes,Stayed
3617-XLSGQ,Yes,Yes,Stayed
4940-KHCWD,Yes,Yes,Stayed
5707-ZMDJP,Yes,Yes,Stayed
5795-KTGUD,Yes,Yes,Stayed
6169-PGNCD,Yes,Yes,Stayed
6445-TNRXS,Yes,Yes,Stayed
6463-HHXJR,Yes,Yes,Stayed
6682-VCIXC,Yes,Yes,Stayed
7873-CVMAW,Yes,Yes,Stayed
8097-VBQTZ,Yes,Yes,Stayed
8328-SKJNO,Yes,Yes,Stayed
8468-FZTOE,Yes,Yes,Stayed
0060-FUALY,Yes,Yes,Stayed
0379-DJQHR,Yes,Yes,Stayed
2348-KCJLT,Yes,Yes,Stayed
2680-XKKNJ,Yes,Yes,Stayed
2834-JKOOW,Yes,Yes,Stayed
3096-WPXBT,Yes,Yes,Stayed
3442-ZHHCC,Yes,Yes,Stayed
6047-SUHPR,Yes,Yes,Stayed
6234-RAAPL,Yes,Yes,Stayed
7055-JCGNI,Yes,Yes,Stayed
8221-HVAYI,Yes,Yes,Stayed
9127-FHJBZ,Yes,Yes,Stayed
9742-XOKTS,Yes,Yes,Stayed
9924-JPRMC,Yes,Yes,Stayed
0853-TWRVK,Yes,Yes,Stayed
0973-KYVNF,Yes,Yes,Stayed
1036-GUDCL,Yes,Yes,Stayed
2931-SVLTV,Yes,Yes,Stayed
3224-DFQNQ,Yes,Yes,Stayed
3569-VLDHH,Yes,Yes,Stayed
3842-QTGDL,Yes,Yes,Stayed
4002-BQWPQ,Yes,Yes,Stayed
4077-HWUYD,Yes,Yes,Stayed
4825-XJGDM,Yes,Yes,Stayed
5181-OABFK,Yes,Yes,Stayed
6685-GBWJZ,Yes,Yes,Stayed
6885-PKOAM,Yes,Yes,Stayed
7103-ZGVNT,Yes,Yes,Stayed
7113-HIPFI,Yes,Yes,Stayed
7197-VOJMM,Yes,Yes,Stayed
7579-KKLOE,Yes,Yes,Stayed
7718-UPSKJ,Yes,Yes,Stayed
8608-OZTLB,Yes,Yes,Stayed
9867-XOBQA,Yes,Yes,Stayed
0455-ENTCR,Yes,Yes,Stayed
0824-VWDPO,Yes,Yes,Stayed
1325-USMEC,Yes,Yes,Stayed
1841-YSJGV,Yes,Yes,Stayed
3642-GKTCT,Yes,Yes,Stayed
3795-GWTRD,Yes,Yes,Stayed
3884-UEBXB,Yes,Yes,Stayed
4525-VZCZG,Yes,Yes,Stayed
5914-XRFQB,Yes,Yes,Stayed
6177-PEVRA,Yes,Yes,Stayed
7321-ZNSLA,Yes,Yes,Stayed
8109-YUOHE,Yes,Yes,Stayed
8984-HPEMB,Yes,Yes,Stayed
9739-JLPQJ,Yes,Yes,Stayed
9746-MDMBK,Yes,Yes,Stayed
9938-EKRGF,Yes,Yes,Stayed
0076-LVEPS,Yes,Yes,Stayed
0289-IVARM,Yes,Yes,Stayed
1032-MAELW,Yes,Yes,Stayed
1950-KSVVJ,Yes,Yes,Stayed
1951-IEYXM,Yes,Yes,Stayed
2192-CKRLV,Yes,Yes,Stayed
2581-VKIRT,Yes,Yes,Stayed
3669-WHAFY,Yes,Yes,Stayed
4674-HGNUA,Yes,Yes,Stayed
5032-USPKF,Yes,Yes,Stayed
5668-MEISB,Yes,Yes,Stayed
5753-QQWPW,Yes,Yes,Stayed
6007-TCTST,Yes,Yes,Stayed
6203-HBZPA,Yes,Yes,Stayed
6480-YAGIY,Yes,Yes,Stayed
6810-VCAEX,Yes,Yes,Stayed
6891-JPYFF,Yes,Yes,Stayed
6916-HIJSE,Yes,Yes,Stayed
7078-NVFAM,Yes,Yes,Stayed
7746-QYVCO,Yes,Yes,Stayed
9558-IHEZX,Yes,Yes,Stayed
0164-APGRB,Yes,Yes,Stayed
0378-CJKPV,Yes,Yes,Stayed
0771-CHWSK,Yes,Yes,Stayed
1320-GVNHT,Yes,Yes,Stayed
2239-CGBUZ,Yes,Yes,Stayed
2775-SEFEE,Yes,Yes,Stayed
3533-UVMOM,Yes,Yes,Stayed
3557-HTYWR,Yes,Yes,Stayed
3658-QQJYD,Yes,Yes,Stayed
3870-SPZSI,Yes,Yes,Stayed
3892-NXAZG,Yes,Yes,Stayed
4291-TPNFG,Yes,Yes,Stayed
4568-KNYWR,Yes,Yes,Stayed
5614-DNZCE,Yes,Yes,Stayed
5696-JVVQY,Yes,Yes,Stayed
5716-EZXZN,Yes,Yes,Stayed
6087-YPWHO,Yes,Yes,Stayed
6115-ZTBFQ,Yes,Yes,Stayed
6500-JVEGC,Yes,Yes,Stayed
7399-QHBJS,Yes,Yes,Stayed
7639-OPLNG,Yes,Yes,Stayed
7781-HVGMK,Yes,Yes,Stayed
8046-DNVTL,Yes,Yes,Stayed
8331-ZXFOE,Yes,Yes,Stayed
8480-PPONV,Yes,Yes,Stayed
9351-LZYGF,Yes,Yes,Stayed
0106-UGRDO,Yes,Yes,Stayed
0885-HMGPY,Yes,Yes,Stayed
1154-HYWWO,Yes,Yes,Stayed
2580-ATZSQ,Yes,Yes,Stayed
2990-IAJSV,Yes,Yes,Stayed
3508-CFVZL,Yes,Yes,Stayed
4565-EVZMJ,Yes,Yes,Stayed
5203-XEHAX,Yes,Yes,Stayed
5760-FXFVO,Yes,Yes,Stayed
6663-JOCQO,Yes,Yes,Stayed
7048-GXDAY,Yes,Yes,Stayed
7164-BPTUT,Yes,Yes,Stayed
8224-UAXBZ,Yes,Yes,Stayed
8738-JOKAR,Yes,Yes,Stayed
9778-OGKQZ,Yes,Yes,Stayed
9823-EALYC,Yes,Yes,Stayed
0285-INHLN,Yes,Yes,Stayed
0810-BDHAW,Yes,Yes,Stayed
1172-VIYBP,Yes,Yes,Stayed
1621-YNCJH,Yes,Yes,Stayed
2371-KFUOG,Yes,Yes,Stayed
2616-UUTFK,Yes,Yes,Stayed
4393-GEADV,Yes,Yes,Stayed
4672-FOTSD,Yes,Yes,Stayed
5393-HJZSM,Yes,Yes,Stayed
6198-PNNSZ,Yes,Yes,Stayed
6627-CFOSN,Yes,Yes,Stayed
8663-UPDGF,Yes,Yes,Stayed
9769-TSBZE,Yes,Yes,Stayed
0229-LFJAF,Yes,Yes,Stayed
0730-KOAVE,Yes,Yes,Stayed
0909-SELIE,Yes,Yes,Stayed
1227-UDMZR,Yes,Yes,Stayed
1696-HXOWK,Yes,Yes,Stayed
4139-DETXS,Yes,Yes,Stayed
5945-AZYHT,Yes,Yes,Stayed
7359-WWYJV,Yes,Yes,Stayed
8015-IHCGW,Yes,Yes,Stayed
9242-TKFSV,Yes,Yes,Stayed
9385-NXKDA,Yes,Yes,Stayed
9927-DSWDF,Yes,Yes,Stayed
0215-BQKGS,Yes,Yes,Stayed
0365-TRTPY,Yes,Yes,Stayed
0742-LAFQK,Yes,Yes,Stayed
1729-VLAZJ,Yes,Yes,Stayed
1971-DTCZB,Yes,Yes,Stayed
2863-IMQDR,Yes,Yes,Stayed
3059-NGMXB,Yes,Yes,Stayed
3227-WLKLI,Yes,Yes,Stayed
3639-XJHKQ,Yes,Yes,Stayed
3889-VWBID,Yes,Yes,Stayed
3913-FCUUW,Yes,Yes,Stayed
4376-KFVRS,Yes,Yes,Stayed
4973-RLZVI,Yes,Yes,Stayed
5140-FOMCQ,Yes,Yes,Stayed
5275-PMFUT,Yes,Yes,Stayed
5453-YBTWV,Yes,Yes,Stayed
7169-YWAMK,Yes,Yes,Stayed
7570-WELNY,Yes,Yes,Stayed
8404-VIOMB,Yes,Yes,Stayed
9308-ANMVE,Yes,Yes,Stayed
9489-DEDVP,Yes,Yes,Stayed
9500-IWPXQ,Yes,Yes,Stayed
9770-KXGQU,Yes,Yes,Stayed
1708-PBBOA,Yes,Yes,Stayed
2000-MPKCA,Yes,Yes,Stayed
2040-XBAVJ,Yes,Yes,Stayed
2323-ARSVR,Yes,Yes,Stayed
2558-BUOZZ,Yes,Yes,Stayed
3050-RLLXC,Yes,Yes,Stayed
3541-ZNUHK,Yes,Yes,Stayed
4102-HLENU,Yes,Yes,Stayed
4676-WLUHT,Yes,Yes,Stayed
5153-LXKDT,Yes,Yes,Stayed
5223-UZAVK,Yes,Yes,Stayed
5353-WILCI,Yes,Yes,Stayed
6519-ZHPXP,Yes,Yes,Stayed
7176-WRTNX,Yes,Yes,Stayed
7459-IMVYU,Yes,Yes,Stayed
7925-PNRGI,Yes,Yes,Stayed
7998-WNZEM,Yes,Yes,Stayed
8565-HBFNN,Yes,Yes,Stayed
8582-KRHPJ,Yes,Yes,Stayed
8819-ZBYNA,Yes,Yes,Stayed
8869-LIHMK,Yes,Yes,Stayed
9073-ZZIAY,Yes,Yes,Stayed
9625-QNLUX,Yes,Yes,Stayed
0310-SUCIN,Yes,Yes,Stayed
0743-HNPFG,Yes,Yes,Stayed
1545-JFUML,Yes,Yes,Stayed
2039-JONDJ,Yes,Yes,Stayed
5073-RZGBK,Yes,Yes,Stayed
6067-NGCEU,Yes,Yes,Stayed
6369-MCAKO,Yes,Yes,Stayed
6439-PKTRR,Yes,Yes,Stayed
6620-HVDUJ,Yes,Yes,Stayed
6741-QRLUP,Yes,Yes,Stayed
7633-MVPUY,Yes,Yes,Stayed
7880-XSOJX,Yes,Yes,Stayed
8189-HBVRW,Yes,Yes,Stayed
8513-OLYGY,Yes,Yes,Stayed
8671-KKKOS,Yes,Yes,Stayed
9079-LWTFD,Yes,Yes,Stayed
9253-VIFJQ,Yes,Yes,Stayed
9348-ROUAI,Yes,Yes,Stayed
9803-FTJCG,Yes,Yes,Stayed
1265-HVPZB,Yes,Yes,Stayed
2651-ZCBXV,Yes,Yes,Stayed
2789-CZANW,Yes,Yes,Stayed
3134-DSHVC,Yes,Yes,Stayed
3470-OBUET,Yes,Yes,Stayed
5061-PBXFW,Yes,Yes,Stayed
5176-OLSKT,Yes,Yes,Stayed
5448-VWNAM,Yes,Yes,Stayed
5879-HMFFH,Yes,Yes,Stayed
6434-TTGJP,Yes,Yes,Stayed
7707-PYBBH,Yes,Yes,Stayed
8099-MZPUJ,Yes,Yes,Stayed
8400-WZICQ,Yes,Yes,Stayed
8690-ZVLCL,Yes,Yes,Stayed
9372-TXXPS,Yes,Yes,Stayed
9786-IJYDL,Yes,Yes,Stayed
0536-ESJEP,Yes,Yes,Stayed
0730-BGQGF,Yes,Yes,Stayed
1866-NXPSP,Yes,Yes,Stayed
2038-YSEZE,Yes,Yes,Stayed
2077-DDHJK,Yes,Yes,Stayed
2234-EOFPT,Yes,Yes,Stayed
2272-WUSPA,Yes,Yes,Stayed
2587-EKXTS,Yes,Yes,Stayed
2716-GFZOR,Yes,Yes,Stayed
3429-IFLEM,Yes,Yes,Stayed
3655-SNQYZ,Yes,Yes,Stayed
5125-CNDSP,Yes,Yes,Stayed
5457-COLHT,Yes,Yes,Stayed
5781-BKHOP,Yes,Yes,Stayed
5980-BDHPY,Yes,Yes,Stayed
6388-TABGU,Yes,Yes,Stayed
9518-IMLHK,Yes,Yes,Stayed
9670-BPNXF,Yes,Yes,Stayed
1090-ESELR,Yes,Yes,Stayed
1209-VFFOC,Yes,Yes,Stayed
1976-AZZPJ,Yes,Yes,Stayed
2133-TSRRM,Yes,Yes,Stayed
2193-SFWQW,Yes,Yes,Stayed
2250-IVBWA,Yes,Yes,Stayed
2364-UFROM,Yes,Yes,Stayed
3084-DOWLE,Yes,Yes,Stayed
3520-FJGCV,Yes,Yes,Stayed
3969-JQABI,Yes,Yes,Stayed
4227-OJHAL,Yes,Yes,Stayed
4431-EDMIQ,Yes,Yes,Stayed
5056-FIMPT,Yes,Yes,Stayed
5325-UWTWJ,Yes,Yes,Stayed
5566-SOEZD,Yes,Yes,Stayed
5915-DGNVC,Yes,Yes,Stayed
6114-TCFID,Yes,Yes,Stayed
6266-QHOJZ,Yes,Yes,Stayed
6439-LAJXL,Yes,Yes,Stayed
6478-HRRCZ,Yes,Yes,Stayed
6807-SIWJI,Yes,Yes,Stayed
7054-DMVAS,Yes,Yes,Stayed
8106-GWQOK,Yes,Yes,Stayed
8207-DMRVL,Yes,Yes,Stayed
9297-EONCV,Yes,Yes,Stayed
0074-HDKDG,Yes,Yes,Stayed
0320-DWVTU,Yes,Yes,Stayed
0975-UYDTX,Yes,Yes,Stayed
1110-KYLGQ,Yes,Yes,Stayed
2270-CHBFN,Yes,Yes,Stayed
2773-MADBQ,Yes,Yes,Stayed
3466-WAESX,Yes,Yes,Stayed
3487-EARAT,Yes,Yes,Stayed
4304-TSPVK,Yes,Yes,Stayed
4778-IZARL,Yes,Yes,Stayed
4890-VMUAV,Yes,Yes,Stayed
5803-NQJZO,Yes,Yes,Stayed
5930-GBIWP,Yes,Yes,Stayed
6164-HAQTX,Yes,Yes,Stayed
6461-SZMCV,Yes,Yes,Stayed
6479-VDGRK,Yes,Yes,Stayed
6655-LHBYW,Yes,Yes,Stayed
6691-CCIHA,Yes,Yes,Stayed
6693-DJWTY,Yes,Yes,Stayed
6827-IEAUQ,Yes,Yes,Stayed
8263-QMNTJ,Yes,Yes,Stayed
8990-YOZLV,Yes,Yes,Stayed
9286-BHDQG,Yes,Yes,Stayed
0699-NDKJM,Yes,Yes,Stayed
1414-YADCW,Yes,Yes,Stayed
1642-HMARX,Yes,Yes,Stayed
2361-UPSND,Yes,Yes,Stayed
3396-DKDEL,Yes,Yes,Stayed
4012-YCFAI,Yes,Yes,Stayed
4079-WWQQQ,Yes,Yes,Stayed
5311-IHLEI,Yes,Yes,Stayed
5322-TEUJK,Yes,Yes,Stayed
5338-YHWYT,Yes,Yes,Stayed
6408-WHTEF,Yes,Yes,Stayed
7018-FPXHH,Yes,Yes,Stayed
7049-GKVZY,Yes,Yes,Stayed
7395-XWZOY,Yes,Yes,Stayed
8208-EUMTE,Yes,Yes,Stayed
8268-YDIXR,Yes,Yes,Stayed
8952-WCVCD,Yes,Yes,Stayed
9499-XPZXM,Yes,Yes,Stayed
9788-HNGUT,Yes,Yes,Stayed
0769-MURVM,Yes,Yes,Stayed
0774-RMNUW,Yes,Yes,Stayed
1897-OKVMW,Yes,Yes,Stayed
2272-UOINI,Yes,Yes,Stayed
2987-BJXIK,Yes,Yes,Stayed
3486-HOOGQ,Yes,Yes,Stayed
3580-HYCSP,Yes,Yes,Stayed
4872-JCVCA,Yes,Yes,Stayed
5334-JLAXU,Yes,Yes,Stayed
6061-GWWAV,Yes,Yes,Stayed
6064-ZATLR,Yes,Yes,Stayed
6408-OTUBZ,Yes,Yes,Stayed
6794-HKIAJ,Yes,Yes,Stayed
7162-WPHPM,Yes,Yes,Stayed
0016-QLJIS,Yes,Yes,Stayed
0266-GMEAO,Yes,Yes,Stayed
0420-TXVSG,Yes,Yes,Stayed
1936-UAFEH,Yes,Yes,Stayed
3230-JCNZS,Yes,Yes,Stayed
3508-VLHCZ,Yes,Yes,Stayed
3714-XPXBW,Yes,Yes,Stayed
5196-WPYOW,Yes,Yes,Stayed
6176-YJWAS,Yes,Yes,Stayed
6242-FEGFD,Yes,Yes,Stayed
6650-BWFRT,Yes,Yes,Stayed
6859-QNXIQ,Yes,Yes,Stayed
7351-MHQVU,Yes,Yes,Stayed
8008-ESFLK,Yes,Yes,Stayed
0181-RITDD,Yes,Yes,Stayed
1169-WCVAK,Yes,Yes,Stayed
1741-WTPON,Yes,Yes,Stayed
2911-IJORQ,Yes,Yes,Stayed
3468-DRVQJ,Yes,Yes,Stayed
3967-KXAPS,Yes,Yes,Stayed
4080-IIARD,Yes,Yes,Stayed
4504-YOULA,Yes,Yes,Stayed
4710-NKCAW,Yes,Yes,Stayed
5067-WJEUN,Yes,Yes,Stayed
5485-ITNPC,Yes,Yes,Stayed
5989-OMNJE,Yes,Yes,Stayed
6171-ZTVYB,Yes,Yes,Stayed
6322-HRPFA,Yes,Yes,Stayed
7017-VFHAY,Yes,Yes,Stayed
8413-YNHNV,Yes,Yes,Stayed
8879-XUAHX,Yes,Yes,Stayed
8947-YRTDV,Yes,Yes,Stayed
9207-ZPANB,Yes,Yes,Stayed
9680-NIAUV,Yes,Yes,Stayed
0334-ZFJSR,Yes,Yes,Stayed
1775-KWJKQ,Yes,Yes,Stayed
2223-GDSHL,Yes,Yes,Stayed
3062-ICYZQ,Yes,Yes,Stayed
3882-IYOIJ,Yes,Yes,Stayed
4378-MYPGO,Yes,Yes,Stayed
4472-VESGY,Yes,Yes,Stayed
4508-OEBEY,Yes,Yes,Stayed
4877-TSOFF,Yes,Yes,Stayed
5208-FVQKB,Yes,Yes,Stayed
5684-FJVYR,Yes,Yes,Stayed
5788-YPOEG,Yes,Yes,Stayed
7619-PLRLP,Yes,Yes,Stayed
8454-AATJP,Yes,Yes,Stayed
9135-MGVPY,Yes,Yes,Stayed
9489-JMTTN,Yes,Yes,Stayed
9839-ETQOE,Yes,Yes,Stayed
0988-AADSA,Yes,Yes,Stayed
1442-OKRJE,Yes,Yes,Stayed
1548-FEHVL,Yes,Yes,Stayed
2703-AMTUL,Yes,Yes,Stayed
3071-MVJCD,Yes,Yes,Stayed
3399-BMLVW,Yes,Yes,Stayed
4329-YPDDQ,Yes,Yes,Stayed
5307-UVGNB,Yes,Yes,Stayed
5709-LVOEQ,Yes,Yes,Stayed
5762-TJXGK,Yes,Yes,Stayed
5804-HYIEZ,Yes,Yes,Stayed
5915-ANOEI,Yes,Yes,Stayed
6598-KELSS,Yes,Yes,Stayed
6999-CHVCF,Yes,Yes,Stayed
7921-BEPCI,Yes,Yes,Stayed
8402-EIVQS,Yes,Yes,Stayed
8469-SNFFH,Yes,Yes,Stayed
8591-TKMZH,Yes,Yes,Stayed
8932-CZHRQ,Yes,Yes,Stayed
9565-FLVCG,Yes,Yes,Stayed
9754-CLVZW,Yes,Yes,Stayed
0019-GFNTW,Yes,Yes,Stayed
0744-BIKKF,Yes,Yes,Stayed
1187-WILMM,Yes,Yes,Stayed
1568-LJSZU,Yes,Yes,Stayed
2137-DQMEV,Yes,Yes,Stayed
2969-WGHQO,Yes,Yes,Stayed
3038-PQIUY,Yes,Yes,Stayed
3813-DHBBB,Yes,Yes,Stayed
4024-CSNBY,Yes,Yes,Stayed
4282-MSACW,Yes,Yes,Stayed
4524-QCSSM,Yes,Yes,Stayed
4737-AQCPU,Yes,Yes,Stayed
4900-MSOMT,Yes,Yes,Stayed
5825-XJOCM,Yes,Yes,Stayed
5997-OPVFA,Yes,Yes,Stayed
6332-FBZRI,Yes,Yes,Stayed
7587-AOVVU,Yes,Yes,Stayed
7765-LWVVH,Yes,Yes,Stayed
8100-PNJMH,Yes,Yes,Stayed
8894-JVDCV,Yes,Yes,Stayed
9127-QRZMH,Yes,Yes,Stayed
9435-JMLSX,Yes,Yes,Stayed
0230-WEQUW,Yes,Yes,Stayed
0343-QLUZP,Yes,Yes,Stayed
0361-HJRDX,Yes,Yes,Stayed
0384-LPITE,Yes,Yes,Stayed
0567-GGCAC,Yes,Yes,Stayed
2194-IIQOF,Yes,Yes,Stayed
2984-TBYKU,Yes,Yes,Stayed
0191-ZHSKZ,Yes,Yes,Stayed
3200-MNQTF,Yes,Yes,Stayed
3259-QMXUN,Yes,Yes,Stayed
3563-SVYLG,Yes,Yes,Stayed
3779-OSWCF,Yes,Yes,Stayed
3831-YCPUO,Yes,Yes,Stayed
5161-UBZXI,Yes,Yes,Stayed
5478-JJVZK,Yes,Yes,Stayed
6258-PVZWJ,Yes,Yes,Stayed
6504-VBLFL,Yes,Yes,Stayed
7838-LAZFO,Yes,Yes,Stayed
9140-CZQZZ,Yes,Yes,Stayed
9199-PWQVC,Yes,Yes,Stayed
9391-LMANN,Yes,Yes,Stayed
0239-OXEXL,Yes,Yes,Stayed
0531-XBKMM,Yes,Yes,Stayed
1229-RCALF,Yes,Yes,Stayed
3160-TYXLT,Yes,Yes,Stayed
3950-VPYJB,Yes,Yes,Stayed
6854-EXGSF,Yes,Yes,Stayed
7139-JZFVG,Yes,Yes,Stayed
7325-ENZFI,Yes,Yes,Stayed
8571-ZCMCX,Yes,Yes,Stayed
9755-JHNMN,Yes,Yes,Stayed
0526-SXDJP,Yes,Yes,Stayed
0530-IJVDB,Yes,Yes,Stayed
0795-GMVQO,Yes,Yes,Stayed
0931-MHTEM,Yes,Yes,Stayed
1122-YJBCS,Yes,Yes,Stayed
2475-MROZF,Yes,Yes,Stayed
2599-CIPQE,Yes,Yes,Stayed
2045-BMBTJ,Yes,Yes,Stayed
3544-FBCAS,Yes,Yes,Stayed
4188-FRABG,Yes,Yes,Stayed
4671-VJLCL,Yes,Yes,Stayed
4967-WPNCF,Yes,Yes,Stayed
4676-MQUEA,Yes,Yes,Stayed
5248-YGIJN,Yes,Yes,Stayed
5542-DHSXL,Yes,Yes,Stayed
5574-NXZIU,Yes,Yes,Stayed
7649-SIJJF,Yes,Yes,Stayed
8474-UMLNT,Yes,Yes,Stayed
8908-NMQTX,Yes,Yes,Stayed
9995-HOTOH,Yes,Yes,Stayed
0244-LGNFY,Yes,Yes,Stayed
0409-WTMPL,Yes,Yes,Stayed
0961-ZWLVI,Yes,Yes,Stayed
1150-FTQGN,Yes,Yes,Stayed
1177-XZBJL,Yes,Yes,Stayed
1830-GGFNM,Yes,Yes,Stayed
3161-ONRWK,Yes,Yes,Stayed
4097-YODCF,Yes,Yes,Stayed
4176-FXYBO,Yes,Yes,Stayed
4837-QUSFT,Yes,Yes,Stayed
4981-FLTMF,Yes,Yes,Stayed
5038-ETMLM,Yes,Yes,Stayed
5149-QYTTU,Yes,Yes,Stayed
5285-MVEHD,Yes,Yes,Stayed
5766-FTRTS,Yes,Yes,Stayed
5855-EIBDE,Yes,Yes,Stayed
6997-UVGOX,Yes,Yes,Stayed
7349-ALMUX,Yes,Yes,Stayed
7605-BDWDC,Yes,Yes,Stayed
8224-IVVPA,Yes,Yes,Stayed
8265-HKSOW,Yes,Yes,Stayed
8680-CGLTP,Yes,Yes,Stayed
9480-BQJEI,Yes,Yes,Stayed
9488-FVZCC,Yes,Yes,Stayed
0373-AIVNJ,Yes,Yes,Stayed
0536-ACXIP,Yes,Yes,Stayed
1088-CNNKB,Yes,Yes,Stayed
2251-PYLPB,Yes,Yes,Stayed
2636-SJDOU,Yes,Yes,Stayed
3466-RITXD,Yes,Yes,Stayed
4086-ATNFV,Yes,Yes,Stayed
4598-ZADCK,Yes,Yes,Stayed
5781-RFZRP,Yes,Yes,Stayed
6867-ACCZI,Yes,Yes,Stayed
6893-ODYYE,Yes,Yes,Stayed
7109-CQYUZ,Yes,Yes,Stayed
7550-WIQVA,Yes,Yes,Stayed
7663-CUXZB,Yes,Yes,Stayed
9139-TWBAS,Yes,Yes,Stayed
0840-DCNZE,Yes,Yes,Stayed
0930-EHUZA,Yes,Yes,Stayed
1088-AUUZZ,Yes,Yes,Stayed
1265-ZFOSD,Yes,Yes,Stayed
2550-AEVRU,Yes,Yes,Stayed
3086-RUCRN,Yes,Yes,Stayed
4760-THGOT,Yes,Yes,Stayed
4973-MGTON,Yes,Yes,Stayed
5327-CNLUQ,Yes,Yes,Stayed
6166-YIPFO,Yes,Yes,Stayed
6418-HNFED,Yes,Yes,Stayed
7569-NMZYQ,Yes,Yes,Stayed
7663-YJHSN,Yes,Yes,Stayed
8670-ERCJH,Yes,Yes,Stayed
0019-EFAEP,Yes,Yes,Stayed
0880-FVFWF,Yes,Yes,Stayed
1676-MQAOA,Yes,Yes,Stayed
2430-RRYUW,Yes,Yes,Stayed
2604-IJPDU,Yes,Yes,Stayed
3026-ATZYV,Yes,Yes,Stayed
3137-NYQQI,Yes,Yes,Stayed
4134-BSXLX,Yes,Yes,Stayed
4188-PCPIG,Yes,Yes,Stayed
4526-RMTLL,Yes,Yes,Stayed
4795-WRNVT,Yes,Yes,Stayed
5204-HMGYF,Yes,Yes,Stayed
5360-XGYAZ,Yes,Yes,Stayed
5840-NVDCG,Yes,Yes,Stayed
7306-YDSOI,Yes,Yes,Stayed
7599-NTMDP,Yes,Yes,Stayed
0839-JTCUD,Yes,Yes,Stayed
1452-UZOSF,Yes,Yes,Stayed
1810-MVMAI,Yes,Yes,Stayed
1930-QPBVZ,Yes,Yes,Stayed
2188-SXWVT,Yes,Yes,Stayed
4611-ANLQC,Yes,Yes,Stayed
5248-KWLAR,Yes,Yes,Stayed
6122-LJADA,Yes,Yes,Stayed
6196-HBOBZ,Yes,Yes,Stayed
6402-SSEJG,Yes,Yes,Stayed
6614-YOLAC,Yes,Yes,Stayed
6695-AMZUF,Yes,Yes,Stayed
8111-BKVDS,Yes,Yes,Stayed
8597-CTXVJ,Yes,Yes,Stayed
9842-EFSYY,Yes,Yes,Stayed
1698-XFZCI,Yes,Yes,Stayed
2400-XIWIO,Yes,Yes,Stayed
4178-EGMON,Yes,Yes,Stayed
5002-GCQFH,Yes,Yes,Stayed
5183-KLYEM,Yes,Yes,Stayed
5240-CAOYT,Yes,Yes,Stayed
6348-SNFUS,Yes,Yes,Stayed
6543-JXSOO,Yes,Yes,Stayed
6752-APNJL,Yes,Yes,Stayed
7136-IHZJA,Yes,Yes,Stayed
7217-JYHOQ,Yes,Yes,Stayed
7398-HPYZQ,Yes,Yes,Stayed
8174-TBVCF,Yes,Yes,Stayed
8226-BXGES,Yes,Yes,Stayed
8822-KNBHV,Yes,Yes,Stayed
9224-VTYID,Yes,Yes,Stayed
9415-ZNBSX,Yes,Yes,Stayed
9553-DLCLU,Yes,Yes,Stayed
9555-SAHUZ,Yes,Yes,Stayed
0314-TKOSI,Yes,Yes,Stayed
0906-QVPMS,Yes,Yes,Stayed
1116-FRYVH,Yes,Yes,Stayed
2176-OSJUV,Yes,Yes,Stayed
2253-KPMNB,Yes,Yes,Stayed
3128-YOVTD,Yes,Yes,Stayed
4377-VDHYI,Yes,Yes,Stayed
5010-IPEAQ,Yes,Yes,Stayed
5514-YQENT,Yes,Yes,Stayed
6502-KUGLL,Yes,Yes,Stayed
6591-QGOYB,Yes,Yes,Stayed
6993-YGFJV,Yes,Yes,Stayed
8039-ACLPL,Yes,Yes,Stayed
8915-NNTRC,Yes,Yes,Stayed
8975-SKGRX,Yes,Yes,Stayed
9330-DHBFL,Yes,Yes,Stayed
0052-DCKON,Yes,Yes,Stayed
0363-SVHYR,Yes,Yes,Stayed
0959-WHOKV,Yes,Yes,Stayed
2314-TNDJQ,Yes,Yes,Stayed
2368-GAKKQ,Yes,Yes,Stayed
2546-KZAAT,Yes,Yes,Stayed
2969-VAPYH,Yes,Yes,Stayed
3810-DVDQQ,Yes,Yes,Stayed
4654-GGUII,Yes,Yes,Stayed
4747-LCAQL,Yes,Yes,Stayed
5095-ETBRJ,Yes,Yes,Stayed
5172-RKOCB,Yes,Yes,Stayed
7130-YXBRO,Yes,Yes,Stayed
9477-LGWQI,Yes,Yes,Stayed
9917-KWRBE,Yes,Yes,Stayed
0516-UXRMT,Yes,Yes,Stayed
0853-NWIFK,Yes,Yes,Stayed
1599-MMYRQ,Yes,Yes,Stayed
1679-JRFBR,Yes,Yes,Stayed
2267-FPIMA,Yes,Yes,Stayed
2988-QRAJY,Yes,Yes,Stayed
3301-VKTGC,Yes,Yes,Stayed
4075-JFPGR,Yes,Yes,Stayed
5236-XMZJY,Yes,Yes,Stayed
5906-DVAPM,Yes,Yes,Stayed
5989-AXPUC,Yes,Yes,Stayed
6719-FGEDO,Yes,Yes,Stayed
7401-JIXNM,Yes,Yes,Stayed
7839-NUIAA,Yes,Yes,Stayed
8221-EQDGL,Yes,Yes,Stayed
8741-LQOBK,Yes,Yes,Stayed
8910-ICHIU,Yes,Yes,Stayed
9802-CAQUT,Yes,Yes,Stayed
9896-UYMIE,Yes,Yes,Stayed
0565-JUPYD,Yes,Yes,Stayed
1352-HNSAW,Yes,Yes,Stayed
2498-XLDZR,Yes,Yes,Stayed
2521-NPUZR,Yes,Yes,Stayed
2890-WFBHU,Yes,Yes,Stayed
3258-ZKPAI,Yes,Yes,Stayed
3374-TTZTK,Yes,Yes,Stayed
3891-NLXJB,Yes,Yes,Stayed
4957-TIALW,Yes,Yes,Stayed
5377-NDTOU,Yes,Yes,Stayed
7492-TAFJD,Yes,Yes,Stayed
7951-VRDVK,Yes,Yes,Stayed
8100-HZZLJ,Yes,Yes,Stayed
8639-NHQEI,Yes,Yes,Stayed
9298-WGMRW,Yes,Yes,Stayed
9548-LIGTA,Yes,Yes,Stayed
9659-QEQSY,Yes,Yes,Stayed
9695-IDRZR,Yes,Yes,Stayed
9795-SHUHB,Yes,Yes,Stayed
9958-MEKUC,Yes,Yes,Stayed
0017-IUDMW,Yes,Yes,Stayed
0083-PIVIK,Yes,Yes,Stayed
0238-WHBIQ,Yes,Yes,Stayed
0795-LAFGP,Yes,Yes,Stayed
1043-UXOVO,Yes,Yes,Stayed
1492-KGETH,Yes,Yes,Stayed
1557-EMYVT,Yes,Yes,Stayed
2160-GPFXD,Yes,Yes,Stayed
2296-DKZFP,Yes,Yes,Stayed
2405-LBMUW,Yes,Yes,Stayed
3133-PZNSR,Yes,Yes,Stayed
3511-BFTJW,Yes,Yes,Stayed
3726-TBHQT,Yes,Yes,Stayed
3963-RYFNS,Yes,Yes,Stayed
4010-YLMVT,Yes,Yes,Stayed
4114-QMKVN,Yes,Yes,Stayed
4393-RYCRE,Yes,Yes,Stayed
5734-EJKXG,Yes,Yes,Stayed
5993-JSUWV,Yes,Yes,Stayed
6728-DKUCO,Yes,Yes,Stayed
6865-JZNKO,Yes,Yes,Stayed
7101-HRBLJ,Yes,Yes,Stayed
7821-DPRQE,Yes,Yes,Stayed
7860-KSUGX,Yes,Yes,Stayed
8851-RAGOV,Yes,Yes,Stayed
9239-GZHZE,Yes,Yes,Stayed
9714-EDSUC,Yes,Yes,Stayed
1699-UOTXU,Yes,Yes,Stayed
2904-GGUAZ,Yes,Yes,Stayed
3727-OWVYD,Yes,Yes,Stayed
4006-HKYHO,Yes,Yes,Stayed
4994-OBRSZ,Yes,Yes,Stayed
5375-XLDOF,Yes,Yes,Stayed
5844-QVTAT,Yes,Yes,Stayed
6229-UOLQL,Yes,Yes,Stayed
6365-HITVU,Yes,Yes,Stayed
8590-YFFQO,Yes,Yes,Stayed
8823-RLPWL,Yes,Yes,Stayed
9065-ZCPQX,Yes,Yes,Stayed
9443-JUBUO,Yes,Yes,Stayed
9453-PATOS,Yes,Yes,Stayed
1550-EENBN,Yes,Yes,Stayed
1866-DIOQZ,Yes,Yes,Stayed
1904-WAJAA,Yes,Yes,Stayed
2121-JAFOM,Yes,Yes,Stayed
2208-NQBCT,Yes,Yes,Stayed
2999-AANRQ,Yes,Yes,Stayed
3324-OIRTO,Yes,Yes,Stayed
3472-OAOOR,Yes,Yes,Stayed
4445-KWOKW,Yes,Yes,Stayed
5014-WUQMG,Yes,Yes,Stayed
5027-YOCXN,Yes,Yes,Stayed
5148-ORICT,Yes,Yes,Stayed
5736-YEJAX,Yes,Yes,Stayed
6374-AFWOX,Yes,Yes,Stayed
6384-VMJHP,Yes,Yes,Stayed
6897-RWMUB,Yes,Yes,Stayed
7408-OFWXJ,Yes,Yes,Stayed
7929-SKFGK,Yes,Yes,Stayed
8670-MEFCP,Yes,Yes,Stayed
9052-DHNKM,Yes,Yes,Stayed
9227-YBAXE,Yes,Yes,Stayed
9251-WNSOD,Yes,Yes,Stayed
9258-CNWAC,Yes,Yes,Stayed
0186-CAERR,Yes,Yes,Stayed
0945-TSONX,Yes,Yes,Stayed
1402-PTHGN,Yes,Yes,Stayed
2190-PHBHR,Yes,Yes,Stayed
2676-OXPPQ,Yes,Yes,Stayed
3407-JMJQQ,Yes,Yes,Stayed
3680-CTHUH,Yes,Yes,Stayed
4254-QPEDE,Yes,Yes,Stayed
4815-YOSUK,Yes,Yes,Stayed
4872-VXRIL,Yes,Yes,Stayed
5117-ZSMHQ,Yes,Yes,Stayed
5130-YPIRV,Yes,Yes,Stayed
5339-TJFEK,Yes,Yes,Stayed
6194-HBGQN,Yes,Yes,Stayed
6473-ULUHT,Yes,Yes,Stayed
6578-KRMAW,Yes,Yes,Stayed
7088-FBAWU,Yes,Yes,Stayed
7520-HQWJU,Yes,Yes,Stayed
7860-UXCRM,Yes,Yes,Stayed
7898-PDWQE,Yes,Yes,Stayed
8374-UULRV,Yes,Yes,Stayed
9028-LIHRP,Yes,Yes,Stayed
9114-DPSIA,Yes,Yes,Stayed
0274-JKUJR,Yes,Yes,Stayed
0377-JBKKT,Yes,Yes,Stayed
0580-PIQHM,Yes,Yes,Stayed
0595-ITUDF,Yes,Yes,Stayed
1498-NHTLT,Yes,Yes,Stayed
1506-YJTYT,Yes,Yes,Stayed
2235-EZAIK,Yes,Yes,Stayed
2535-PBCGC,Yes,Yes,Stayed
3795-CAWEX,Yes,Yes,Stayed
4718-WXBGI,Yes,Yes,Stayed
5197-PYEPU,Yes,Yes,Stayed
5680-LQOGP,Yes,Yes,Stayed
6505-OZNPG,Yes,Yes,Stayed
7274-CGTOD,Yes,Yes,Stayed
7508-DQAKK,Yes,Yes,Stayed
7711-YIJWC,Yes,Yes,Stayed
7964-YESJC,Yes,Yes,Stayed
8085-MSNLK,Yes,Yes,Stayed
8218-FFJDS,Yes,Yes,Stayed
4829-ZLJTK,Yes,Yes,Stayed
9830-ECLEN,Yes,Yes,Stayed
1852-XEMDW,Yes,Yes,Stayed
2167-FQSTQ,Yes,Yes,Stayed
2516-XSJKX,Yes,Yes,Stayed
3569-JFODW,Yes,Yes,Stayed
3720-DBRWL,Yes,Yes,Stayed
3758-CKOQL,Yes,Yes,Stayed
4632-XJMEX,Yes,Yes,Stayed
5115-GZDEL,Yes,Yes,Stayed
5578-NKCXI,Yes,Yes,Stayed
5982-PSMKW,Yes,Yes,Stayed
6283-GITPX,Yes,Yes,Stayed
6295-OSINB,Yes,Yes,Stayed
9691-HKOVS,Yes,Yes,Stayed
9715-SBVSU,Yes,Yes,Stayed
9720-JJJOR,Yes,Yes,Stayed
9822-WMWVG,Yes,Yes,Stayed
9968-FFVVH,Yes,Yes,Stayed
6563-VNPMN,Yes,Yes,Stayed
0254-FNMCI,Yes,Yes,Stayed
0459-SPZHJ,Yes,Yes,Stayed
0577-WHMEV,Yes,Yes,Stayed
0584-BJQGZ,Yes,Yes,Stayed
1090-PYKCI,Yes,Yes,Stayed
2790-XUYMV,Yes,Yes,Stayed
3214-IYUUQ,Yes,Yes,Stayed
5274-XHAKY,Yes,Yes,Stayed
5583-EJXRD,Yes,Yes,Stayed
6242-SGYTS,Yes,Yes,Stayed
6352-GIGGQ,Yes,Yes,Stayed
6584-VQMYT,Yes,Yes,Stayed
6603-YRDCJ,Yes,Yes,Stayed
7299-GNVPL,Yes,Yes,Stayed
7596-ZYWBB,Yes,Yes,Stayed
7879-CGSFV,Yes,Yes,Stayed
7975-JMZNT,Yes,Yes,Stayed
8292-FRFZQ,Yes,Yes,Stayed
8404-FYDIB,Yes,Yes,Stayed
9114-VEPUF,Yes,Yes,Stayed
9386-LDCZR,Yes,Yes,Stayed
